smiles,origin,molecular_morgan|ref_0,molecular_morgan|ref_1,MACCSkeys|ref_0,MACCSkeys|ref_1,2D_pharmacophore|ref_0,2D_pharmacophore|ref_1,3D_pharmacophore_generated_conformers|ref_0,3D_pharmacophore_generated_conformers|ref_1,3D_shape_generated_conformers|ref_0,3D_shape_generated_conformers|ref_1,chemogenomics|ref_0,chemogenomics|ref_1
CC#C[C@H]1CN(S(=O)(=O)c2ccc(N)nc2)CCN1c1ccc([S@](=N)(=O)C(F)(F)F)cc1,ref_0,,1.0,,11.0,,53.0,,2.0,,6.5,,3.0
C[C@](O)(c1cnc(-c2ccc(S(=O)(=O)c3ccc(N)nc3)s2)c(Cl)c1)C(F)(F)F,ref_1,4.0,,201.0,,98.0,,1.0,,1.0,,1.0,
COc1ccccc1CN(C)c1nnc([C@H](C)NS(C)(=O)=O)n1CC[C@]1(O)C[C@H]2CC[C@H]1C2,decoy,425.5,316.0,150.0,186.0,272.0,174.0,501.0,501.0,500.0,500.0,434.0,471.5
CC(C)NC(=O)c1nnc(N2C[C@H]3CN(C(=O)OC(C)(C)C)C[C@H]3C2)n1CCc1cccnc1,decoy,425.5,199.5,350.0,377.0,269.0,412.0,358.5,233.5,265.5,286.0,480.0,479.0
CC[C@@H](C)c1nnc(N2CCN([C@@H](C(N)=O)c3ccccc3)CC2)n1CCc1nccnc1C,decoy,425.5,316.0,330.0,472.0,93.0,229.0,329.5,400.0,403.0,363.0,414.5,406.0
Cc1cc(C)n(Cc2nnc(N3CCC(C(N)=O)CC3)n2C[C@](C)(O)c2ccccc2Cl)n1,decoy,425.5,162.5,299.5,249.5,283.0,283.0,109.0,144.0,389.5,458.0,182.0,455.0
Cc1ccccc1[C@H]1CCCN1c1nnc([C@H](C)NS(C)(=O)=O)n1CCC1(O)CCOCC1,decoy,425.5,316.0,118.0,131.5,285.0,148.0,444.0,374.0,485.0,445.0,423.0,322.0
CCc1ccccc1OCc1nnc(N2CCC(C(=O)NC)CC2)n1CC1(S(C)(=O)=O)CCC1,decoy,425.5,383.5,189.0,157.5,307.0,260.0,65.0,86.0,423.0,437.5,493.0,417.0
CON(C)C(=O)c1ccc(NC(=O)c2ccc(S(=O)(=O)N3C[C@@H](C)O[C@H](C)C3)cc2)cc1,decoy,421.0,482.5,247.5,254.5,497.0,492.0,280.0,484.0,323.0,317.5,253.0,64.0
Cc1nc2ccncc2cc1C(=O)N[C@@H]1[C@H]2COC[C@@H]1CN(C(=O)c1ccc(OC(F)F)cn1)C2,decoy,419.5,302.0,421.0,430.0,49.0,110.0,407.5,356.5,308.0,282.0,216.5,337.5
CCNS(=O)(=O)[C@H]1CCN(c2nnc(-c3cc(C)nc4ccccc34)n2C[C@](C)(O)CC)C1,decoy,419.5,452.0,105.5,83.5,256.0,210.0,262.0,432.5,184.5,409.0,218.5,376.0
CCOC(=O)c1ccc(S(=O)(=O)N2CCN(C(=O)Nc3nnc(CC(C)C)s3)CC2)cc1,decoy,416.5,395.0,138.5,211.5,400.0,417.0,326.0,460.5,174.5,428.5,278.0,96.0
CCN(CC)S(=O)(=O)c1ccc(Cl)c(C(=O)Nc2cc(C)nn2[C@@H]2CCS(=O)(=O)C2)c1,decoy,416.5,202.5,120.5,51.0,275.0,298.0,413.0,387.0,168.5,54.0,161.0,299.0
Cc1cc(C(=O)N2[C@H]3CC[C@@H]2C[C@H](NC(=O)c2nc4c(Br)cc(F)cn4n2)C3)no1,decoy,492.5,148.0,372.0,343.5,220.0,340.0,464.0,421.0,139.5,8.0,461.0,492.0
COc1ccc(S(=O)(=O)C(F)(F)F)cc1NC(=O)c1nc2ncc(Br)cn2n1,decoy,416.5,160.0,256.5,3.0,144.0,68.0,131.0,474.0,125.0,264.5,8.0,72.0
COc1ccc(Br)cc1-c1nc(CN2C(=O)N[C@H](CCS(C)(=O)=O)C2=O)cs1,decoy,492.5,148.0,312.0,187.5,194.0,73.0,305.0,266.5,282.0,309.0,124.0,381.0
COC(=O)c1cc(S(=O)(=O)NC2CCN(c3ccc(C#N)cn3)CC2)ccc1Br,decoy,416.5,202.5,13.5,56.5,8.0,60.0,5.0,114.0,358.0,309.0,109.5,79.0
C=CCCc1ccc(C(=O)N2CCC(OC3CCN(C(=O)[C@@H](C)n4ccnn4)CC3)CC2)c(O)n1,decoy,410.5,196.5,415.5,474.5,443.0,448.0,221.0,39.0,455.0,388.5,466.0,447.0
C[C@]1(C(N)=O)CCN(c2nnc(C(=O)Nc3ccccn3)n2Cc2sccc2Br)C1,decoy,410.5,254.0,228.0,243.0,242.0,237.0,268.0,301.0,265.5,62.0,416.0,406.0
CCOC(=O)c1c(S(=O)(=O)N[C@@H]2CCN(c3cccc(OC(F)(F)F)c3)C2)n[nH]c1C,decoy,410.5,428.5,118.0,131.5,30.0,341.0,78.0,210.0,44.0,124.5,148.0,103.0
CS(=O)(=O)CC(=O)N1CCCC[C@H]1c1cc(NC(=O)C2CCN(c3ccccc3)CC2)n[nH]1,decoy,410.5,484.5,110.0,216.0,86.0,398.0,392.0,101.5,277.0,338.5,486.0,302.0
C[C@H]1CN(S(=O)(=O)c2ccc(NC(=O)c3cc(=NCC4CCOCC4)cc[nH]3)cc2)C[C@H](C)O1,decoy,410.5,497.5,96.5,242.0,115.0,88.0,301.0,350.0,491.5,449.5,296.0,106.0
COC(=O)[C@H]1C[C@@H](C(=O)N2CCN(c3ccc4[nH]ncc4c3)CC2)CCN1C(=O)OC(C)(C)C,decoy,410.5,497.5,334.0,437.0,237.0,443.0,497.0,499.0,103.5,107.5,428.0,270.0
COc1ccc(-c2ncccc2C(=O)N[C@@H]2[C@H]3COC[C@@H]2CN(C(=O)Cc2cc(C)on2)C3)cc1,decoy,441.0,145.0,433.5,450.5,368.0,307.0,395.0,435.5,445.0,345.5,380.5,427.0
Cc1ccc(C(=O)N2CCSCC2)cc1NC(=O)C1=NN(c2ccc(F)cc2)[C@H](C(N)=O)C1,decoy,410.5,428.5,223.0,282.0,314.0,349.0,437.0,454.0,115.0,244.5,272.0,92.0
Cc1ccc(S(=O)(=O)Nc2ncnc3c2c(I)cn3C)cc1C(=O)O,decoy,500.0,142.5,134.0,2.0,408.0,264.0,345.0,192.0,146.0,335.5,21.0,246.5
COC(=O)c1sc(Cl)cc1S(=O)(=O)N[C@H]1[C@H]2COC[C@@H]1CN(C(=O)OC(C)(C)C)C2,decoy,442.0,142.5,243.0,58.0,495.0,496.0,494.0,492.0,168.5,354.0,188.5,373.0
CCN(CC)S(=O)(=O)c1cc(NC(=O)c2ccc(S(=O)(=O)N(C)C)o2)ccc1Cl,decoy,405.5,159.0,334.0,112.5,484.0,466.0,154.0,226.0,50.5,144.0,65.0,297.0
CCOC(=O)c1ccc(S(=O)(=O)N2CC(O)([C@@H]3CCCCN3C(=O)OC(C)(C)C)C2)cc1,decoy,405.5,409.5,262.0,342.0,493.0,491.0,293.5,369.0,358.0,161.5,238.5,117.0
Cc1ccc(OCc2nnc(N3CCC[C@@H](CC(N)=O)C3)n2CCC2(O)CCOCC2)cc1C,decoy,403.5,415.5,355.0,349.5,291.0,247.0,458.0,391.0,312.5,396.5,462.5,473.5
COc1cc(Cn2c(-c3ccc[nH]3)nnc2N2CCN(C(=O)C(C)(C)C)CC2)ccc1OCCO,decoy,403.5,415.5,389.5,406.0,376.0,243.0,271.0,228.5,115.0,371.5,402.0,491.0
CS(=O)(=O)c1ccc(Cl)c(C(=O)N2CCCC[C@@H]2C2CCN(C(=O)c3nc[nH]n3)CC2)c1,decoy,401.5,262.5,34.5,28.5,452.0,451.0,160.0,96.0,146.0,200.0,152.0,204.5
COC(=O)c1ccc(C(=O)N[C@@H]2[C@H]3COC[C@@H]2CN(C(=O)c2cnc(C(C)(C)C)cn2)C3)c(C)c1,decoy,439.5,139.5,485.0,484.0,252.0,290.0,491.0,489.5,340.5,409.0,283.0,418.5
Cc1noc(N)c1C(=O)N1CCOC[C@]2(CN(C(=O)c3c(F)cc(Cl)cc3Cl)CCO2)C1,decoy,401.5,157.0,309.0,262.0,292.0,431.0,258.5,416.0,18.5,1.0,170.5,365.5
CCn1c(=O)[nH]c(=O)c2c(C(=O)N3CCN(C(=O)c4ccc(Cl)cc4)CC3)cc(C(C)C)nc21,decoy,464.0,139.5,392.0,469.5,102.0,177.0,260.0,354.5,435.0,330.0,343.5,421.0
CCOC(=O)c1ccc(C(=O)N[C@@H]2[C@H]3COC[C@@H]2CN(C(=O)[C@H](N)c2cccc(Cl)c2)C3)cc1,decoy,480.0,139.5,465.5,466.5,346.0,288.0,35.0,280.0,389.5,420.5,392.5,300.0
CNC(=O)c1cccc(CCn2c([C@H](C)NS(C)(=O)=O)nnc2N2CC[C@H](C)C(C)(C)C2)c1,decoy,399.0,461.0,73.5,189.0,322.0,368.0,68.0,441.0,125.0,425.0,475.0,406.0
Cc1oc2cc(O)ccc2c1C(=O)N1CCOC[C@@]2(CN(C(=O)c3cncc(F)c3)CCO2)C1,decoy,462.0,135.5,459.5,402.5,159.0,324.0,236.5,151.5,34.0,62.0,200.0,355.0
Cc1ccc(NC(=O)c2nnc(N3CC[C@@H](S(C)(=O)=O)C3)n2C[C@@]2(C)CCCO2)cc1C,decoy,399.0,372.5,178.0,153.5,315.0,135.0,423.0,407.0,27.0,66.0,473.5,365.5
Cc1nn(C)c(C(=O)N[C@H]2CCc3nc(NC(=O)c4ccc(CO)c(F)c4)sc3C2)c1F,decoy,499.0,135.5,379.5,254.5,161.0,39.0,157.0,392.0,249.5,274.0,332.0,499.0
Cc1cc(Cl)ncc1S(=O)(=O)N1CCc2nc(C(=O)N=c3cc[nH]cc3)sc2CC1,decoy,399.0,305.0,45.5,42.5,48.0,2.0,412.0,65.0,67.5,3.5,31.0,159.0
C[C@H](C(=O)N1CCO[C@]2(COCCN(C(=O)c3cnc4ccoc4c3)C2)C1)c1ccc(O)cc1,decoy,394.0,355.0,482.0,489.5,70.0,339.0,243.0,169.5,55.5,29.0,200.0,220.5
CNC(=O)[C@@]1(C)CCN(c2nnc(Cc3cccnc3)n2Cc2ccc(NC(=O)N(C)C)cc2)C1,decoy,394.0,355.0,287.0,395.5,143.0,138.0,166.5,44.0,393.5,264.5,456.0,418.5
O=C(O)Cc1ccc(OCc2ccccc2C(=O)N2C[C@@H]3OCCN(c4ncccn4)[C@@H]3C2)cc1,decoy,394.0,471.0,440.0,458.0,104.0,245.0,119.0,173.0,435.0,253.0,394.5,251.5
COc1ccc(Cn2cc(C(=O)N3CCC(C4CCNCC4)CC3)c(=O)c3cnc(O)nc32)cc1,decoy,394.0,289.5,409.0,444.5,128.0,14.0,162.0,26.0,415.0,335.5,317.0,384.5
COc1ccc(Cn2c([C@@H]3CCC(=O)N3)nnc2N2CCCC[C@@H](S(C)(=O)=O)C2)cc1Cl,decoy,394.0,289.5,176.0,111.0,330.0,206.0,336.0,220.0,418.5,493.0,294.5,367.5
O=C(NC1CCN(C2CCN(C(=O)c3cc(CO)on3)CC2)CC1)c1cc2cc(F)c(F)cc2[nH]1,decoy,486.0,133.0,378.0,369.5,212.0,383.0,361.0,154.0,403.0,270.0,457.0,485.0
COc1ccc(CN2C(=O)N[C@@]3(CCN(S(=O)(=O)c4cccc5cc(C)cnc45)C3)C2=O)cc1,decoy,394.0,409.5,193.5,235.0,114.0,355.0,428.0,345.0,67.5,120.0,138.0,110.0
CNc1nsnc1C(=O)N1CCCC12CN(C(=O)c1cccc(Br)c1[N+](=O)[O-])C2,decoy,478.0,130.5,252.0,302.5,195.0,379.0,371.0,485.0,358.0,188.5,467.0,415.5
CCCn1c(=O)[nH]c(=O)c2cc(C(=O)N3CCN(C(=O)c4cc(Cl)cc(Cl)c4)CC3)cnc21,decoy,437.0,130.5,382.5,463.0,60.0,208.0,208.0,346.5,430.0,222.0,298.0,415.5
CS(=O)(=O)c1ccc(Cl)c(S(=O)(=O)N2CCC(n3c(=O)[nH]c4ccccc43)CC2)c1,decoy,389.5,313.0,60.0,78.0,459.0,465.0,168.0,28.0,206.0,102.5,38.0,32.0
CCN(CC)S(=O)(=O)c1cc(C(=O)Nc2ccc(F)c(-n3nnnc3C)c2)ccc1OC,decoy,384.5,300.0,178.0,20.0,410.0,117.0,489.0,494.0,157.5,188.5,168.0,476.5
N#Cc1ccc(C(=O)Nc2cc(S(=O)(=O)N3CCOCC3)ccc2NC[C@@H]2CCCO2)cc1,decoy,384.5,458.5,191.0,176.0,116.0,154.0,440.0,330.5,476.5,495.0,335.5,88.0
Cn1cccc1-c1nnc(N2CCC(CNS(C)(=O)=O)CC2)n1C[C@@](C)(O)C1CCCCC1,decoy,384.5,367.5,114.0,130.0,337.0,316.0,173.0,259.0,8.0,406.0,298.0,354.0
CC(C)n1nc(-c2nnc(N3CC[C@@](C)(C(N)=O)C3)n2CC(F)(F)F)c2ccccc2c1=O,decoy,384.5,367.5,260.5,349.5,388.0,171.0,439.0,295.0,99.5,99.5,129.0,230.0
C[C@H](O)C(=O)N1[C@H]2CC[C@@H]1C[C@H](NC(=O)c1cnc3c(-c4ccncc4)cnn3c1C(F)(F)F)C2,decoy,435.5,127.0,304.5,193.0,183.0,186.0,396.5,395.0,87.0,257.0,74.0,191.0
Cc1cc(C(=O)N2CC[C@]3(C2)CN(C(=O)c2ccn(C(F)F)n2)CCO3)cc(C)c1C(=O)O,decoy,384.5,367.5,364.0,365.0,461.0,454.0,384.0,174.0,206.0,41.0,319.0,296.0
COc1ccc(C(=O)N2CCOCC2)cc1NC(=O)N1CCN(c2ccc([N+](=O)[O-])cc2)CC1,decoy,384.5,496.0,395.5,477.0,27.0,157.0,488.0,464.0,433.0,250.0,454.0,188.0
CCOc1ccccc1C(=O)N1CCC[C@@H]1C(=O)Nc1cccc(S(=O)(=O)N2CCOCC2)c1,decoy,384.5,458.5,186.5,197.5,456.0,460.0,170.0,455.5,466.0,154.0,455.0,186.0
C[C@](O)(Cn1c(-c2cccnc2)nnc1N1CCC(OCC(N)=O)CC1)c1ccccc1Cl,decoy,379.0,151.5,299.5,216.0,338.0,195.0,30.0,138.0,146.0,396.5,132.0,332.0
Nc1ncc(C(=O)NC2CCN(C3CCN(C(=O)c4ccn(-c5ccccc5)n4)CC3)CC2)s1,decoy,379.0,151.5,250.0,373.0,123.0,82.0,62.0,83.0,353.0,367.0,311.0,245.0
Cc1ccc(-n2ccnn2)c(C(=O)N2C[C@@H]3COC[C@H](C2)[C@@H]3NC(=O)c2cc(C(F)(F)F)c[nH]2)c1,decoy,379.0,285.0,277.0,234.0,444.0,419.0,403.0,455.5,71.0,303.0,97.5,174.0
C[C@@H](N)c1cc(F)c(N(C(=O)[C@H]2CCC3(CN(C(=O)OC(C)(C)C)C3)O2)S(C)(=O)=O)c(F)c1,decoy,481.0,125.0,269.0,197.5,358.0,420.0,456.0,481.5,312.5,70.0,222.0,282.5
COc1ccc(Cl)c(C(=O)N2CC[C@]3(CN(C(=O)c4ccc5nc(CO)[nH]c5c4)CCO3)C2)c1,decoy,376.5,224.0,418.0,354.5,151.0,276.0,92.0,371.5,179.0,129.5,224.5,464.0
O=C(Nc1nc2c(s1)C[C@H](NC(=O)C1CCN(c3ccccc3)CC1)CC2)c1c[nH]c(=O)cn1,decoy,376.5,482.5,353.0,418.5,79.0,103.0,448.5,262.0,485.0,461.0,446.0,425.0
CC[C@@](C)(O)Cn1c([C@@H]2CCS(=O)(=O)C2)nnc1N1CCC(O)(c2ccccc2Cl)CC1,decoy,460.5,123.0,193.5,14.0,181.0,99.0,9.0,165.0,32.5,81.5,174.0,343.5
Cc1nc(-c2ncccn2)nc(O)c1CC(=O)N1CCN(C(=O)c2ccccc2C(F)(F)F)CC1,decoy,460.5,123.0,283.0,382.5,152.0,20.0,156.0,166.0,398.0,264.5,51.0,160.5
COC(=O)c1ccccc1C(=O)N1CCC(NS(=O)(=O)c2ncccc2C(F)(F)F)CC1,decoy,374.5,189.5,29.5,176.0,409.0,376.0,112.5,167.0,370.5,217.0,67.0,43.0
CS(=O)(=O)c1ccc(Cn2c([C@H]3CCCCO3)nnc2N2CCC(CCC(N)=O)CC2)cc1,decoy,370.5,480.5,94.0,51.0,347.0,254.0,80.5,200.5,412.0,488.0,306.5,156.0
CN(C)C(=O)Cn1c(COc2ccc(Cl)cc2Cl)nnc1N1CCC(CC(N)=O)CC1,decoy,370.5,422.5,339.5,311.5,297.0,197.0,33.5,23.0,32.5,322.0,360.5,450.0
CNC(=O)C1CCN(c2nnc(-c3cc(Br)c[nH]3)n2C[C@](C)(O)c2ccco2)CC1,decoy,433.0,119.0,327.0,302.5,284.0,104.0,71.0,30.0,7.0,47.5,399.5,458.5
CCc1[nH]nc(C(=O)N[C@@H]2C[C@@H]3CC[C@H](C2)N3C(=O)c2ccc3nc(Br)nn3c2)c1F,decoy,488.5,119.0,331.5,328.5,263.0,313.0,194.0,459.0,20.0,25.5,490.0,497.0
CCOC(=O)C1=C[C@@H](OC(CC)CC)[C@@H](NC(C)=O)[C@@H](NC(=O)c2ncc(OC)cc2C)C1,decoy,370.5,422.5,500.0,500.0,248.0,314.0,369.5,438.0,491.5,496.5,407.0,490.0
Cn1ncc2c(C(=O)N[C@@H]3C[C@@H]4CC[C@H](C3)N4C(=O)c3cc(CO)on3)cc(Br)cc21,decoy,488.5,119.0,445.5,416.0,412.0,358.0,338.5,275.0,253.5,141.5,443.0,495.0
Cc1cc(C(=O)CN2CCN(c3cccc(O)c3)CC2)c(C)n1-c1ccc(S(N)(=O)=O)cc1,decoy,370.5,456.0,25.0,36.0,32.0,19.0,387.5,326.5,380.5,179.5,69.0,37.0
COc1ccc(C(=O)N2CC[C@@]3(C2)CN(C(=O)[C@@H](C)c2ccc(O)cc2)CCO3)c(O)c1OC,decoy,370.5,480.5,487.5,481.0,466.0,480.0,448.5,410.5,317.0,81.5,401.0,335.5
Cn1cc(C(=O)Nc2ccc(S(=O)(=O)N3CCC(Cc4ccccc4)CC3)cc2)c(O)nc1=O,decoy,370.5,422.5,66.0,116.0,166.0,258.0,76.0,5.0,468.0,402.0,350.0,78.0
O=C(Nc1ccn(CCc2ccncc2)n1)c1cc(S(=O)(=O)N2CCOCC2)ccc1Cl,decoy,361.0,343.0,73.5,36.0,398.0,329.0,328.0,317.0,337.5,113.5,119.0,113.0
C=C(Cl)Cn1c([C@@H]2CCS(=O)(=O)C2)nnc1N1CCC[C@@H](C(=O)Nc2ccc(C)cn2)C1,decoy,361.0,228.0,126.5,89.0,51.0,333.0,145.0,330.5,184.5,137.5,469.0,350.0
NC(=O)[C@H]1CCCN(c2nnc(Cc3ccncc3)n2Cc2ccnc(OCC(F)(F)F)c2)C1,decoy,361.0,343.0,271.0,351.5,196.0,255.0,103.0,120.0,430.0,486.0,127.0,152.0
COc1ccc2cc(O)c(C(=O)N3CCC4(CC3)CN(C(=O)c3cnccn3)CCO4)cc2c1,decoy,361.0,402.5,472.0,492.0,137.0,159.0,344.0,358.0,253.5,151.5,262.0,359.5
NC(=O)CCC1CCN(c2nnc([C@@H]3CCC(=O)N3)n2CCc2cc(C(F)(F)F)ccn2)CC1,decoy,361.0,402.5,241.5,340.5,224.0,297.0,165.0,10.0,12.0,413.5,159.0,216.0
O=C(N[C@@H]1[C@H]2COC[C@@H]1CN(C(=O)c1cc(OCc3ccccc3)ccc1O)C2)c1cnco1,decoy,361.0,278.0,498.0,454.5,422.0,428.0,117.0,379.0,206.0,146.5,428.0,440.0
CCCCc1cc(NC(=O)C2CCN(S(=O)(=O)c3ccc4c(c3)OCCCO4)CC2)n[nH]1,decoy,361.0,492.0,180.0,209.0,411.0,427.0,401.5,68.0,409.0,360.5,422.0,243.0
CCOc1cccc(C(=O)N[C@@H]2[C@H]3COC[C@@H]2CN(C(=O)c2ccc(-n4cccn4)cc2)C3)c1O,decoy,361.0,343.0,484.0,412.5,435.0,414.0,429.0,405.5,377.5,426.0,477.5,256.5
C[C@H](NS(C)(=O)=O)c1nnc(N2CCC(CCCO)CC2)n1C[C@@H]1CCOc2ccccc21,decoy,361.0,343.0,124.5,169.0,290.0,364.0,171.5,255.0,40.5,458.0,449.0,375.0
CCOC(=O)c1ccc(N2CCCN(C(=O)NC3CCN(C(=O)c4ccoc4)CC3)CC2)nc1,decoy,361.0,343.0,382.5,463.0,17.0,106.0,296.0,31.0,380.5,288.0,472.0,307.0
Cc1ocnc1C(=O)N[C@@H]1[C@H]2COC[C@@H]1CN(C(=O)c1ccc3[nH]nc(C(F)(F)F)c3c1)C2,decoy,361.0,145.0,343.5,305.5,299.0,349.0,358.5,312.5,139.5,87.0,149.5,241.0
CC(C)CN1CCN(c2nnc(-c3cccnc3)n2CCc2cccc(C(N)=O)c2)[C@@H](C)C1=O,decoy,361.0,440.0,304.5,444.5,274.0,223.0,321.0,302.0,103.5,33.0,347.0,290.0
CCOC(=O)c1ncn2cc(C(=O)N3CC4(CCCN4C(=O)c4cc(Cl)cnc4O)C3)ccc12,decoy,473.0,115.5,455.0,428.0,67.0,74.0,238.0,373.0,358.0,244.5,151.0,380.0
Nc1ccc(S(=O)(=O)N(c2ccccc2S(=O)(=O)N2CCCCC2)C2CCNCC2)cc1,decoy,354.0,322.5,17.5,102.0,271.0,271.0,29.0,223.0,442.0,476.5,162.0,18.0
C[C@@H](C(=O)N1[C@H]2CC[C@@H]1C[C@H](NC(=O)c1ccc(S(C)(=O)=O)c(F)c1)C2)n1cccc1C=O,decoy,475.0,113.0,202.5,61.0,491.0,481.0,176.0,320.0,3.0,113.5,333.5,255.0
CO[C@@H]1CN(C(=O)OC(C)(C)C)C[C@H]1NC(=O)c1ccc(S(=O)(=O)N2CCC(C)CC2)cc1,decoy,352.5,489.0,221.0,295.0,492.0,498.0,462.0,343.5,427.0,371.5,323.0,97.0
COc1ccc(C(=O)N2CCC(OC3CCN(C(=O)Cc4ccc(O)cn4)CC3)CC2)c(O)c1,decoy,350.0,231.5,462.0,491.0,405.0,418.0,438.0,149.0,493.0,382.5,290.5,286.0
CCOc1ccc(S(=O)(=O)N2CCC3(CC2)CN(c2ccccc2)C(=O)CO3)cc1C(=O)O,decoy,350.0,494.0,216.5,197.5,499.0,500.0,149.0,99.5,337.5,124.5,149.5,81.0
Cc1ccc(C(=O)N2CCN(Cc3nc(-c4cccs4)no3)CC2)cc1NS(C)(=O)=O,decoy,430.0,111.0,45.5,125.0,162.0,28.0,400.0,415.0,200.0,161.5,184.5,268.0
COC(=O)c1c(NC(=O)c2cc(S(=O)(=O)N3CCOCC3)cn2C)sc2c1CCCCC2,decoy,345.0,470.0,166.0,211.5,478.0,475.0,353.0,285.5,18.5,32.0,399.5,275.5
CCOC(=O)c1cnn(-c2cccc(NC(=O)N3CCO[C@@H](C(=O)OC)C3)c2)c1C(F)(F)F,decoy,345.0,398.5,310.0,354.5,384.0,304.0,378.0,54.0,87.0,38.0,249.5,115.0
C[C@@H]1CCCN(S(=O)(=O)c2ccc(NC(=O)C3CCN(c4ccc5nncn5n4)CC3)cc2)C1,decoy,345.0,490.0,23.5,163.5,107.0,346.0,465.0,378.0,476.5,338.5,274.0,27.0
Cc1cc(C(=O)N2CC[C@]3(CN(C(=O)c4cnc(Cl)nc4)CCO3)C2)c2cc(O)ccc2n1,decoy,345.0,221.5,435.0,379.5,106.0,153.0,323.5,196.5,370.5,99.5,97.5,423.5
CCOCc1nnc(N2CCN(Cc3ccc(Cl)cc3)C(=O)C2)n1CC1(C(N)=O)CCCC1,decoy,345.0,336.5,289.0,269.5,93.0,272.0,205.0,43.0,16.5,188.5,330.0,384.5
O=C(c1cc(O)nc(Cl)c1)N1CCO[C@]2(COCCN(C(=O)c3cccc4cnccc34)C2)C1,decoy,345.0,274.0,482.0,479.0,317.0,213.0,140.5,93.0,146.0,161.5,244.5,432.5
CCOC(=O)c1cc(C(=O)N2CCC(OC3CCN(C(=O)c4cc(CC)[nH]n4)CC3)CC2)ccn1,decoy,337.0,350.0,426.0,497.0,446.0,411.0,469.0,404.0,498.5,428.5,491.0,471.5
CCS(=O)(=O)C1CCN(c2nnc(-c3ccccc3OC)n2CC2(C(N)=O)CCCC2)CC1,decoy,337.0,500.0,132.0,94.0,296.0,354.0,160.0,175.0,134.0,161.5,481.5,340.0
COC(=O)c1ccc(C(=O)N[C@H]2CCc3nc(NC(=O)C4(Br)CC4)sc3C2)cn1,decoy,471.5,104.0,479.5,244.0,71.0,26.0,369.5,181.0,479.0,282.0,390.0,461.5
CCOC(=O)[C@H]1CCCN(C(=O)c2cc(O)nc3ccc(S(=O)(=O)N(CC)CC)cc23)C1,decoy,337.0,412.5,224.5,319.0,186.0,343.0,305.0,453.0,423.0,420.5,348.5,305.0
CNc1ccc(C(=O)N2CCO[C@@]3(COCCN(C(=O)c4cc(-c5ccco5)no4)C3)C2)cc1,decoy,425.5,104.0,382.5,418.5,345.0,190.0,208.0,58.0,95.0,146.5,403.0,314.0
CC(C)(C)OC(=O)N1C[C@@](C)(O)C[C@H]1C(=O)N[C@@H]1CCc2nc(NC(=O)C(C)(F)F)sc2C1,decoy,484.5,104.0,443.5,319.0,252.0,321.0,386.0,225.0,129.5,377.5,186.0,390.5
Cc1ccc(NC(=O)[C@@H]2CCCN(C(=O)c3ccc4c(c3)S(=O)(=O)N(C(C)C)C4=O)C2)nc1,decoy,337.0,225.5,115.5,141.0,169.0,240.0,366.5,244.0,225.0,200.0,383.0,271.5
COc1ccc(NC(=O)[C@H]2CSCN2S(=O)(=O)c2cc3c(cc2F)NC(=O)CC3)cc1,decoy,337.0,412.5,206.0,81.5,454.0,468.0,104.0,62.5,79.0,322.0,163.5,242.0
COc1cc(CNC2CCN(S(=O)(=O)c3ccc(C)cc3)CC2)cc(Cl)c1OCC(N)=O,decoy,337.0,350.0,198.5,171.5,158.0,115.0,414.5,271.0,303.5,416.0,116.0,124.5
O=C(c1cccc(Cl)c1)N1CCCN(C(=O)c2cnc3c(c2)c(O)nc(=O)n3C2CC2)CC1,decoy,452.5,104.0,372.0,408.0,24.0,71.0,281.0,136.0,344.0,270.0,258.0,400.0
CC(=O)Nc1ccc(Cl)c(C(=O)N[C@@H]2[C@H]3COC[C@@H]2CN(C(=O)Cc2c(C)noc2C)C3)c1,decoy,452.5,104.0,401.5,315.0,434.0,450.0,477.0,468.0,383.0,207.0,436.5,488.0
CC(C)[C@](C)(O)Cn1c([C@H]2CCC(=O)N2)nnc1N1CCN(c2ccc(C#N)cc2Cl)CC1,decoy,425.5,104.0,389.5,311.5,188.0,325.0,37.0,71.0,151.5,282.0,160.0,377.5
CC(C)COc1cc(C(=O)N2CCC(OC3CCN(C(=O)c4cnc(O)[nH]4)CC3)CC2)ccn1,decoy,337.0,350.0,452.5,481.0,348.0,349.0,355.5,82.0,485.0,455.0,418.5,444.0
O=C(N[C@@H]1[C@H]2COC[C@@H]1CN(C(=O)[C@H](O)c1ccco1)C2)c1cc2c(Cl)cncc2s1,decoy,484.5,104.0,482.0,309.0,333.0,381.0,52.0,268.0,52.5,146.5,131.0,423.5
Cc1cc([C@](C)(O)Cn2c(C(=O)NC(C)C)nnc2N2CCC(O)(C(F)(F)F)CC2)c(C)o1,decoy,337.0,130.5,328.0,338.0,276.0,308.0,102.0,90.5,24.0,133.5,87.0,277.0
Cc1ccc(Cn2c(C3CCN(C(=O)OC(C)(C)C)CC3)nnc2N2CC[C@H](C(N)=O)C2)cn1,decoy,329.0,217.5,296.5,308.0,246.0,353.0,492.0,452.0,99.5,358.0,441.0,345.0
COc1ccc([C@@]2(C)NC(=O)N(CC(=O)N3CCC(n4c(O)nc5ccccc54)CC3)C2=O)cc1,decoy,329.0,332.5,398.0,398.5,145.0,389.0,409.0,287.0,62.0,222.0,433.0,285.0
Cn1nc(-c2ccc(Cl)cc2)cc1C(=O)N1C[C@@H]2COC[C@H](C1)[C@@H]2NC(=O)c1ccc(O)nc1,decoy,449.5,98.5,424.0,328.5,433.0,344.0,70.0,242.0,370.5,87.0,147.0,239.0
COc1cccc(C(=O)N[C@@H]2[C@H]3COC[C@@H]2CN(C(=O)c2cnc(-c4ccccn4)nc2)C3)c1C,decoy,329.0,171.5,449.5,448.0,167.0,47.0,269.0,339.0,258.5,349.5,376.0,473.5
C[C@H](NS(C)(=O)=O)c1nnc(N2CCC[C@@](C)(C#N)C2)n1C[C@@H](C)N1CCc2ccccc21,decoy,329.0,488.0,92.0,225.5,258.0,388.0,202.0,270.0,265.5,296.5,440.0,273.0
CC[C@@H](C)c1nnc(N2CCC(N3CCN(CC)C3=O)CC2)n1Cc1cccc(OCC(N)=O)c1,decoy,329.0,469.0,366.5,434.0,341.0,368.0,364.5,277.5,409.0,306.0,492.0,456.0
N#Cc1c(N)nc(=NC2CC2)n(-c2c(Br)ccc(I)c2F)c1N,decoy,459.0,97.0,429.0,348.0,121.0,70.0,404.5,315.0,498.5,499.0,260.0,317.0
CNS(=O)(=O)c1ccc(C(=O)Nc2ncc(Br)nc2OCC(F)(F)F)cc1,decoy,456.0,96.0,184.0,7.0,84.0,4.0,210.5,467.0,442.0,277.0,7.0,47.0
O=S(=O)(Nc1ncnc2c1ncn2CCO)c1cc(C(F)(F)F)ccc1Br,decoy,498.0,93.5,36.0,8.5,47.0,3.0,254.5,328.0,353.0,107.5,4.0,147.0
CC(=O)c1ccc(Br)c(-c2noc(C[C@@H]3NC(=O)[C@H](Cc4ccccc4)NC3=O)n2)c1,decoy,487.0,93.5,494.0,289.0,332.0,58.0,139.0,85.0,214.0,57.5,181.0,460.0
CC(=O)Nc1cc(C(=O)N2CC3(CCCN3C(=O)c3ccc(C#N)nc3C(F)(F)F)C2)ccn1,decoy,410.5,90.5,235.0,285.0,120.0,134.0,60.0,212.0,277.0,257.0,134.0,145.0
C[C@H]1N(c2cnn(C)c2)C(=O)COC12CCN(S(=O)(=O)c1cc(Cl)cc(Cl)c1O)CC2,decoy,323.0,219.5,146.0,85.0,415.0,446.0,323.5,55.5,235.5,96.5,66.0,102.0
Cc1n[nH]c(C)c1S(=O)(=O)N1CCCN(S(=O)(=O)c2cccc3cncc(C)c23)[C@@H](C)C1,decoy,323.0,276.5,64.0,204.0,377.0,228.0,231.0,410.5,58.5,49.0,211.0,77.0
CCOc1ccc(S(=O)(=O)N2CCOCC2)cc1NC(=O)[C@@H]1CCCN1C(=O)OC(C)(C)C,decoy,323.0,476.0,249.0,263.5,464.0,485.0,419.0,376.5,323.0,396.5,436.5,232.0
CC(C)n1ncc2cc(NS(=O)(=O)c3ccc(S(=O)(=O)N4CCOCC4)cc3)ccc21,decoy,323.0,449.5,110.0,192.0,391.0,152.0,407.5,182.5,139.5,313.5,99.5,5.0
CC(=O)Nc1cc(C(=O)N2[C@H]3CC[C@@H]2C[C@H](NC(=O)c2cnc(C(F)(F)F)cn2)C3)ccn1,decoy,323.0,219.5,291.0,297.0,164.0,147.0,387.5,72.0,42.5,70.0,81.0,206.0
CN(C)c1cccc(C(=O)N2CCC(N3CCC(NC(=O)c4ccc([N+](=O)[O-])[nH]4)CC3)CC2)c1,decoy,316.0,435.5,308.0,465.0,244.0,181.0,368.0,399.0,461.5,371.5,479.0,361.5
CCS(=O)(=O)Nc1ccccc1C(=O)N1CCN(c2ncnc3cc(OC)c(OC)cc23)CC1,decoy,316.0,435.5,129.0,256.5,10.0,22.0,435.0,420.0,430.0,382.5,363.0,410.0
Cc1ccc(C(=O)N2CC[C@]3(CN(C(=O)c4nc(-c5ccccc5)ns4)CCO3)C2)c(O)n1,decoy,316.0,212.0,321.0,333.5,378.0,178.0,333.0,335.0,235.5,51.5,279.0,351.0
CCOc1cnc(C(=O)N[C@@H]2[C@H]3COC[C@@H]2CN(C(=O)c2ccc(-c4cccnc4)cc2)C3)cn1,decoy,316.0,119.0,486.0,498.0,141.0,98.0,498.0,426.0,495.0,469.0,396.5,432.5
COC(=O)c1ccc2cc(C(=O)N3CC[C@]4(C3)CN(C(=O)c3ccncc3O)CCO4)ccc2c1,decoy,316.0,388.5,491.5,474.5,348.0,371.0,225.0,442.0,455.0,349.5,289.0,278.0
C[C@H]1CN(C(=O)[C@@H](N)c2ccc(O)cc2)CCCN1S(=O)(=O)c1cccc2cncc(F)c12,decoy,316.0,119.0,68.0,143.5,204.0,97.0,93.0,204.5,129.5,43.0,93.5,44.0
Cc1cc(C(=O)N2CCO[C@@]3(CCN(C(=O)c4cnc(O)c5ccn(C)c45)C3)C2)cc(C)c1O,decoy,316.0,327.0,479.5,456.5,146.0,118.0,248.0,309.0,10.0,38.0,303.5,422.0
CC[C@H]1C[C@@H](C)CN1c1nnc(-c2cccc(S(=O)(=O)N(C)C)c2)n1CCc1n[nH]c(C)n1,decoy,316.0,435.5,66.0,225.5,288.0,189.0,443.0,448.5,277.0,333.0,276.0,331.0
N#Cc1cc(CC(=O)N2CCO[C@]3(CCN(C(=O)c4cc(O)c(O)c(Cl)c4)C3)C2)ccc1F,decoy,316.0,212.0,478.0,402.5,486.0,473.0,126.5,168.0,317.0,260.5,260.0,430.0
C=CCCc1ccc(C(=O)N2C[C@@H]3COC[C@H](C2)[C@@H]3NC(=O)c2cc(Cl)cnc2OC)c(O)n1,decoy,446.5,89.0,459.5,450.5,361.0,437.0,334.0,315.0,272.5,440.0,290.5,468.0
Cc1cc(Cl)c2ccc(C(=O)N3CC[C@]4(C3)CN(C(=O)c3cccc(=O)n3O)CCO4)cc2n1,decoy,310.5,205.0,413.0,398.5,372.0,413.0,446.0,318.5,253.5,73.5,144.0,353.0
CCOC(=O)c1ccc(C(=O)N2CC[C@]3(C2)CN(C(=O)c2cc(-c4ccccn4)[nH]n2)CCO3)cc1,decoy,310.5,205.0,397.0,474.5,424.0,131.0,285.0,283.5,483.0,437.5,450.0,379.0
CCN(CC)S(=O)(=O)c1ccc(OC)c(NC(=O)c2ccc(F)c(S(=O)(=O)N(C)C)c2)c1,decoy,301.5,223.0,317.5,163.5,476.0,463.0,337.0,385.0,179.0,179.5,85.0,281.0
O=C(/C=C/c1cccc(O)c1)N1CC[C@@]2(C1)CN(C(=O)c1cnc(-c3ccccn3)nc1)CCO2,decoy,301.5,254.0,436.5,461.0,182.0,6.0,82.0,277.5,478.0,440.0,172.5,342.0
CCOCc1nnc(N2CCN(C(=O)c3ccccn3)CC2)n1CCc1ccc(NC(C)=O)cc1,decoy,301.5,308.0,294.0,385.5,63.0,306.0,129.0,217.0,162.5,440.0,487.0,447.0
COc1ccc(S(=O)(=O)N2CCC(NS(=O)(=O)c3cccs3)CC2)c2cccnc12,decoy,301.5,338.5,147.5,179.5,273.0,335.0,350.5,333.5,235.5,244.5,145.5,71.0
C[C@@]1(c2cc3ccccc3o2)NC(=O)N(Cc2cccc(S(=O)(=O)N3CCOCC3)c2)C1=O,decoy,301.5,386.5,166.0,211.5,462.0,469.0,340.0,429.0,174.5,11.0,176.0,130.0
CC(C)Oc1ccc(Cn2c(-c3ccc[nH]3)nnc2N(C)C2CCN(S(C)(=O)=O)CC2)cn1,decoy,301.5,207.0,104.0,153.5,302.0,180.0,312.0,194.0,225.0,244.5,294.5,209.0
CCn1cccc(Cn2c([C@@H](C)Oc3ccc(F)cc3)nnc2N2CCC[C@@H](C(N)=O)C2)c1=O,decoy,301.5,308.0,256.5,294.0,243.0,156.0,454.0,247.5,184.5,371.5,394.5,279.0
COc1ccc(/C=C/C(=O)N[C@@H]2C[C@@H]3CC[C@H](C2)N3C(=O)[C@H](N)c2ccccn2)c(OC)c1OC,decoy,301.5,167.0,491.5,456.5,156.0,159.0,398.0,460.5,214.0,377.5,447.0,452.0
Cc1ccc(C)c(OCc2nnc(N3CCC(CNS(C)(=O)=O)CC3)n2CCC(C)(C)O)c1,decoy,301.5,322.5,162.0,185.0,307.0,260.0,433.0,162.5,91.0,460.0,221.0,372.0
CS(=O)(=O)Cc1ccc(C(=O)N2CCC[C@H](C(=O)Nc3ccc(Br)cn3)C2)o1,decoy,496.5,86.5,211.0,163.5,169.0,240.0,192.0,243.0,9.0,24.0,315.5,149.0
CCOC1CC(O)(Cn2c([C@@H](C)Oc3cccc(C)c3C)nnc2N2CCN(C(=O)NC)CC2)C1,decoy,301.5,370.0,388.0,397.0,311.0,210.0,298.0,402.5,225.0,471.0,495.0,496.0
COc1ccc([C@@H](O)C(=O)N2C[C@@H]3COC[C@H](C2)[C@@H]3NC(=O)c2cc(-c3cccs3)on2)cc1,decoy,394.0,86.5,447.5,389.5,414.0,250.0,293.5,185.5,84.0,277.0,256.0,333.0
C[C@H]1CN(S(=O)(=O)c2ccc(NC(=O)C3(N)CCN(Cc4ccccc4)CC3)cc2)C[C@@H](C)O1,decoy,301.5,446.0,102.5,240.0,58.0,13.0,199.5,361.0,398.0,270.0,366.0,41.0
CS(=O)(=O)NC1CCN(c2nnc(-c3ccc[nH]3)n2Cc2ccccc2OC(F)F)CC1,decoy,301.5,386.5,20.0,61.0,393.0,226.0,194.0,260.0,4.0,207.0,275.0,212.5
CC[C@H](C)c1nnc(N2CCN(C(=O)c3ccccc3O)CC2)n1CC1(S(C)(=O)=O)CCC1,decoy,301.5,446.0,183.0,121.0,69.0,272.0,256.0,348.0,71.0,232.5,439.0,318.5
CC(=O)Nc1ccc(CC(=O)N2CC[C@]3(C2)CN(C(=O)c2cnc4ccoc4c2)CCO3)cc1,decoy,292.0,419.0,414.0,438.0,118.0,302.0,335.0,308.0,214.0,34.0,392.5,265.0
CC(=O)NC[C@H]1CCCN(c2nnc(-c3cccc(S(C)(=O)=O)c3)n2CCc2ccccn2)C1,decoy,292.0,365.0,82.5,106.5,225.0,193.0,166.5,307.0,121.0,317.5,357.0,260.0
Cc1nc(CCn2c(COc3ccc(F)cc3)nnc2N2CCN(CC(C)C)C(=O)[C@@H]2C)n[nH]1,decoy,292.0,419.0,311.0,374.5,203.0,337.0,282.0,457.0,258.5,179.5,377.5,347.0
CC(=O)N1CCN(c2nnc([C@@H]3CCO[C@H]3C(C)(C)C)n2Cc2cccc(C(N)=O)c2)[C@H](C)C1,decoy,288.0,486.5,278.0,323.0,371.0,333.0,240.0,371.5,333.5,471.0,458.0,295.0
CCOc1cc(C)ccc1Cn1c([C@@H]2CCC(=O)N2)nnc1N1CCC(S(=O)(=O)CC)CC1,decoy,288.0,486.5,150.0,155.5,281.0,268.0,138.0,171.0,151.5,360.5,411.5,396.5
O=C(Nc1ccc(-n2nccc2C(F)(F)F)cc1)c1cc(S(=O)(=O)N2CCOCC2)c[nH]1,decoy,288.0,431.5,26.5,42.5,420.0,154.0,396.5,272.0,115.0,43.0,47.0,6.0
CCN(CC)S(=O)(=O)c1ccc(=O)n(CC(=O)N2CCC[C@H]2c2nc3ccc(C)cc3[nH]2)c1,decoy,288.0,431.5,129.0,221.5,13.0,108.0,287.5,417.5,403.0,211.5,190.5,200.0
CCC(=O)N1N=C(c2c(O)[nH]c(=O)n(Cc3ccccc3)c2=O)C[C@@H]1c1ccc(N(C)C)cc1,decoy,288.0,466.5,445.5,416.0,255.0,182.0,235.0,292.0,445.0,322.0,281.5,323.5
Cc1noc(C)c1CCn1c([C@H](C)NS(C)(=O)=O)nnc1N1CCc2ccc(F)cc2C1,decoy,479.0,83.5,28.0,92.5,209.0,236.0,466.0,466.0,296.5,342.0,241.0,364.0
O=C(N[C@@H]1[C@H]2COC[C@@H]1CN(C(=O)c1cnc(OCF)cn1)C2)c1csc(-c2ccccc2)n1,decoy,465.0,83.5,472.0,440.0,78.0,35.0,355.5,215.5,490.0,388.5,365.0,445.0
COc1ccc(C(=O)N2CCC(NC(=O)c3ccsc3)CC2)cc1S(=O)(=O)NC(C)C,decoy,283.5,267.5,155.0,163.5,489.0,494.0,445.0,380.0,442.0,345.5,408.5,318.5
COc1cccc2c1OCC[C@H]2NC(=O)N1CCN(S(=O)(=O)c2ccc(C(C)=O)cc2)CC1,decoy,283.5,473.0,207.5,290.5,471.0,478.0,101.0,247.5,349.0,83.5,318.0,40.0
N[C@@H](C(=O)n1c([C@@H]2COCCN2)ncc/c1=N\Cc1ccco1)c1ccc(Br)cc1,decoy,494.0,82.0,325.5,351.5,43.0,49.0,332.0,160.0,157.5,282.0,341.0,240.0
COc1ccccc1NS(=O)(=O)c1cccc(C(=O)N2CCN(C(=O)c3ccccn3)CC2)c1,decoy,283.5,267.5,77.0,179.5,268.0,200.0,290.5,184.0,168.5,291.0,287.0,207.0
CC(C)NC(=O)c1nnc(N2CCC(CC(N)=O)CC2)n1Cc1cc(Br)cs1,decoy,283.5,208.5,247.5,287.5,344.0,279.0,143.0,38.0,272.5,402.0,484.0,463.0
COc1ccc(C(=O)N2CCC(OC3CCN(C(=O)c4cc(O)nc(O)c4)CC3)CC2)c(OC)c1,decoy,281.0,353.0,477.0,487.0,369.0,408.0,46.0,48.0,452.5,382.5,464.0,482.5
CC(C)(C(=O)N1[C@H]2CC[C@@H]1C[C@H](NC(=O)c1ccc(=O)oc1)C2)c1ncc(Br)cn1,decoy,389.5,80.0,472.0,423.5,402.0,390.0,23.0,97.0,24.0,2.0,260.0,352.0
COc1cc(NS(=O)(=O)c2cc(Br)c(N)c(Br)c2)c(OC)nn1,decoy,491.0,78.0,202.5,10.0,313.0,319.0,317.5,157.5,497.0,496.5,33.0,363.0
C[C@H]1CN(S(=O)(=O)c2ccc(NC(=O)c3ccc4c(=O)n5c(nc4c3)CCC5)cc2)C[C@@H](C)O1,decoy,278.0,451.0,110.0,128.0,132.0,57.0,471.5,488.0,370.5,309.0,232.0,57.0
COC(=O)c1cc(S(=O)(=O)N2CC[C@@]3(COCc4cnc(-c5ccccc5)nc43)C2)ccc1O,decoy,278.0,245.0,160.5,78.0,54.0,1.0,8.0,24.0,184.5,392.0,46.0,112.0
COC(=O)c1ccc(C(=O)N2CCO[C@]3(CCN(C(=O)c4cc5cc(C)ccc5[nH]4)C3)C2)cn1,decoy,278.0,359.5,463.0,489.5,198.0,284.0,417.5,141.0,211.0,113.5,298.0,275.5
C[C@@H]1CN(c2nnc(-c3cccnc3)n2Cc2cccc(OCC(N)=O)c2)C[C@@H](C(F)(F)F)O1,decoy,278.0,297.5,336.5,323.0,353.0,305.0,108.0,324.5,40.5,326.5,84.0,163.0
COc1ccc(C(=O)N2CCCN(Cc3cc(C)on3)CC2)cc1S(=O)(=O)NC(C)(C)C,decoy,273.0,196.5,198.5,278.0,142.0,84.0,327.0,203.0,349.0,141.5,382.0,329.0
Cc1ccccc1-c1nnc(N2CCC(CNS(C)(=O)=O)CC2)n1CCc1nccnc1C,decoy,273.0,379.0,58.0,229.0,202.0,163.0,244.5,283.5,191.5,146.5,326.0,316.0
COC(=O)c1ccc(-c2ccc(-n3cnc(N)c(Cl)c3=NC[C@H]3CCNC[C@H]3O)cc2)cc1,decoy,361.0,75.5,361.5,325.0,44.0,114.0,61.0,14.0,458.0,465.0,125.0,184.5
C/C(=C\c1cccnc1)C(=O)N[C@@H]1[C@H]2COC[C@@H]1CN(C(=O)c1cccnc1C(=O)OC(C)C)C2,decoy,273.0,254.0,496.0,493.0,361.0,384.0,426.0,396.0,423.0,449.5,425.0,343.5
CS[C@@H]1CCCC[C@H]1NC(=O)c1cc(O)nc2ccc(S(=O)(=O)N3CCOCC3)cc12,decoy,273.0,463.5,181.5,266.0,171.0,357.0,308.5,447.0,423.0,434.5,372.5,188.0
O=C(N[C@@H]1[C@H]2COC[C@@H]1CN(C(=O)c1nc(-c3ccccc3)ns1)C2)c1cc(Cl)cnc1O,decoy,463.0,75.5,348.5,251.5,321.0,218.0,73.0,208.0,225.0,296.5,220.0,435.5
COc1cccc(Cc2nnc(NC(=O)c3cccc(S(=O)(=O)N4CCOCC4)c3)s2)c1,decoy,273.0,463.5,166.0,171.5,387.0,141.0,430.5,388.0,448.0,342.0,216.5,224.0
CCOC(=O)N1CCC(NC(=O)c2ccc(Cl)c(S(=O)(=O)N3C[C@H](C)O[C@@H](C)C3)c2)CC1,decoy,269.0,395.0,198.5,246.0,493.0,487.0,379.0,465.0,349.0,238.0,448.0,292.0
COC(=O)c1ccc(OC)c(S(=O)(=O)Nc2ncc(Br)nc2N2CCCC2)c1,decoy,269.0,328.0,47.5,20.0,53.0,8.0,394.0,218.5,458.0,455.0,321.0,315.0
COc1ccc(C(=O)Nc2ccccc2C(=O)NC(C)(C)C)cc1S(=O)(=O)N1CCOCC1,decoy,269.0,493.0,186.5,197.5,472.0,456.0,482.0,332.0,455.0,463.0,337.5,244.0
O=C(Nc1nnc(C2CC2)s1)[C@@H]1C[C@@H](O)CN1S(=O)(=O)c1ccc(Cl)c(Cl)c1,decoy,468.5,71.5,216.5,12.5,270.0,404.0,230.0,195.0,218.0,274.0,57.5,226.0
CCS(=O)(=O)c1ccc(C(=O)Nc2cc(S(=O)(=O)N3CCOCC3)ccc2Cl)cc1,decoy,266.5,272.0,123.0,96.5,481.0,474.0,63.0,384.0,42.5,382.5,77.0,15.0
Cc1cnc(C(=O)N2[C@H]3CC[C@@H]2C[C@H](NC(=O)c2cc(S(C)(=O)=O)ccc2Cl)C3)cn1,decoy,374.5,71.5,215.0,46.5,325.0,293.0,352.0,375.0,258.5,62.0,40.0,253.0
CCOc1ccc(Br)cc1S(=O)(=O)N[C@@H]1CN(C(=O)OC(C)(C)C)CC[C@H]1O,decoy,443.0,71.5,233.0,253.0,465.0,493.0,293.5,458.0,438.5,260.5,331.0,301.0
CC(C)(Cn1c(Cc2cccnc2)nnc1N1CCC[C@H](CNS(C)(=O)=O)C1)c1ccccn1,decoy,262.5,240.5,110.0,216.0,201.0,227.0,20.0,129.5,200.0,458.0,272.0,229.0
CC(=O)Nc1ccc(Cn2c(Cc3cccnc3)nnc2N2CCN(CC(C)C)C(=O)[C@H]2C)cn1,decoy,262.5,355.0,304.5,444.5,148.0,176.0,382.5,133.0,282.0,303.0,359.0,298.0
O=C(N[C@@H]1[C@H]2COC[C@@H]1CN(C(=O)c1ccccc1OC(F)(F)F)C2)c1[nH]nc2ccncc12,decoy,262.5,240.5,401.5,381.0,211.0,356.0,254.5,341.0,14.5,137.5,204.0,211.0
N#Cc1cnn(-c2ccc(C(=O)N3CCC[C@H](CN4CCN(c5ccccn5)CC4)C3)cc2)c1N,decoy,262.5,289.5,324.0,460.0,117.0,85.0,164.0,18.0,188.0,428.5,379.0,116.0
CCOC(=O)c1cc(C(=O)N2CC[C@]3(CN(C(=O)c4ccc(-c5ncc[nH]5)cc4)CCO3)C2)ccn1,decoy,262.5,289.5,404.0,440.0,326.0,78.0,470.0,440.0,448.0,264.5,380.5,361.5
COc1ccc(C(=O)N2CCC(N3CCC(NC(=O)c4cc(C)on4)CC3)CC2)cc1NC(C)=O,decoy,262.5,183.5,368.0,428.0,240.0,401.0,137.0,423.0,458.0,431.0,499.0,494.0
CN(C)C(=O)Cc1ccccc1NC(=O)c1cnc(N2CCN(C(=O)OC(C)(C)C)CC2)cn1,decoy,257.0,305.0,351.5,412.5,25.0,5.0,297.0,303.5,482.0,463.0,352.0,346.0
Cc1nnc(N2CCN(C(=O)c3cccc(-n4nccc4C(F)(F)F)c3)CC2)c(C(N)=O)c1C,decoy,257.0,248.0,137.0,218.5,93.0,139.0,310.0,370.0,196.5,107.5,59.0,135.0
CC(C)(C)OC(=O)N1Cc2[nH]nc(C(=O)N3CCN(c4nnc(C(F)(F)F)s4)CC3)c2C1,decoy,257.0,372.5,280.0,292.0,45.0,301.0,485.5,448.5,225.0,211.5,90.0,256.5
CN(C)c1ccc([N+](=O)[O-])c(C(=O)N[C@@H]2[C@H]3COC[C@@H]2CN(C(=O)c2ccoc2Cl)C3)c1,decoy,257.0,372.5,447.5,389.5,392.0,410.0,227.0,279.0,418.5,107.5,384.5,383.0
CC(=O)Nc1ccc(C(=O)N2CCO[C@@]3(COCCN(C(=O)c4csc(C)c4C)C3)C2)cc1O,decoy,257.0,193.0,429.0,368.0,468.0,482.0,263.0,437.0,244.0,51.5,430.5,461.5
CCN(CC)S(=O)(=O)c1ccc(OC)c(NC(=O)[C@@H]2CN(C(C)=O)c3ccccc3O2)c1,decoy,253.0,322.5,268.0,240.0,457.0,459.0,169.0,422.0,134.0,396.5,193.0,250.0
CC(=O)Oc1ccc(Br)cc1C(=O)N[C@@H]1C[C@@H]2CC[C@H](C1)N2C(=O)c1cc(O)ncn1,decoy,439.5,68.0,468.5,357.5,129.0,146.0,319.0,150.0,108.5,35.5,375.0,475.0
Nc1ccc(S(=O)(=O)N(c2ccc(Cl)c(C(=O)N3CCOCC3)c2)C2CCNCC2)cc1,decoy,253.0,262.5,82.5,106.5,250.0,249.0,98.0,9.0,430.0,105.0,49.0,70.0
O=C(N[C@@H]1C[C@@H]2CC[C@H](C1)N2C(=O)c1cnc(O)nc1O)c1cc(F)ccc1Br,decoy,466.0,66.5,454.0,338.0,335.0,396.0,287.5,34.0,31.0,87.0,327.0,453.5
CCOC(=O)c1cc(C(=O)N[C@@H]2C[C@@H]3CC[C@H](C2)N3C(=O)Cc2ccc(OC)c(O)c2)ccn1,decoy,248.0,285.0,499.0,478.0,355.0,293.0,490.0,496.0,468.0,436.0,465.0,493.0
CC(=O)NC[C@H]1CCCN(c2nnc([C@@H]3CCS(=O)(=O)C3)n2Cc2ccccc2OC(C)C)C1,decoy,248.0,443.0,221.0,163.5,282.0,316.0,441.0,340.0,423.0,402.0,500.0,480.5
CN(Cc1ccccc1)[C@@H]1COC2(CCN(S(=O)(=O)c3ccc4nc(O)nc(O)c4c3)CC2)C1,decoy,248.0,443.0,221.0,194.0,111.0,44.0,461.0,351.0,95.0,78.5,82.0,122.0
CCNC(=O)N1CCN(c2nnc(-c3ccccn3)n2CCc2ccc(NC(C)=O)cc2)CC1,decoy,248.0,285.0,301.0,431.0,176.0,158.0,251.0,236.0,191.5,411.5,483.0,426.0
Cc1cccc(/C=C/C(=O)N[C@@H]2[C@H]3COC[C@@H]2CN(C(=O)c2ccc4sc(N)nc4c2)C3)n1,decoy,248.0,178.5,394.0,300.0,101.0,110.0,496.0,497.0,475.0,371.5,192.0,356.5
O=C1C[C@H](C(F)(F)F)N(C(=O)CN2CCN(c3ccc([N+](=O)[O-])nc3)CC2)c2ccccc2N1,decoy,248.0,285.0,238.5,409.5,22.0,82.0,414.5,477.0,22.0,296.5,78.0,24.0
CCCN1CCCN(c2nnc(-c3cccc(C)n3)n2Cc2ccc(NC(C)=O)nc2)CC1=O,decoy,434.0,65.0,314.5,450.5,327.0,207.0,373.0,164.0,370.5,232.5,445.0,465.0
CCNS(=O)(=O)[C@@H]1CCN(c2nnc(Cc3ccc(Cl)cc3)n2Cc2cc(C)on2)C1,decoy,248.0,151.5,32.5,70.5,204.0,209.0,350.5,176.0,5.0,124.5,145.5,251.5
CCOC(=O)c1cc(C(=O)N2C[C@@H]3COC[C@H](C2)[C@@H]3NC(=O)c2ccc(C(C)(C)C)nc2)ccn1,decoy,243.5,154.0,495.0,494.0,340.0,367.0,455.0,475.0,287.0,406.0,346.0,394.5
O=C(N[C@@H]1[C@H]2COC[C@@H]1CN(C(=O)c1ccc(-c3ccccc3)nc1)C2)c1nn[nH]c1C(F)(F)F,decoy,435.5,61.0,294.0,293.0,440.0,370.0,219.0,110.0,11.0,342.0,133.0,170.0
COC(=O)c1cc2c(nc1-c1cnn(C)c1)CCN(C(=O)c1cnc(O)c(Br)c1)CC2,decoy,490.0,61.0,424.0,444.5,221.0,15.0,233.0,13.0,52.5,45.5,214.0,438.5
O=C1CN(S(=O)(=O)c2ccc(C(=O)Nc3ccc(Oc4ccc(F)cc4)cn3)cc2)CCN1,decoy,243.5,300.0,60.0,78.0,397.0,151.0,467.0,290.0,461.5,78.5,113.0,56.0
Cc1cc(CC(=O)N2CCC(N3CCC(NC(=O)c4cc(O)c(O)c(Cl)c4)CC3)CC2)no1,decoy,476.0,61.0,359.0,323.0,419.0,365.0,347.0,224.0,481.0,402.0,369.0,487.0
O=C(O)c1cc(C(=O)N2CCCC23CN(C(=O)c2ccc(OCC(F)(F)F)c(F)c2)C3)ncn1,decoy,329.0,61.0,433.5,402.5,425.0,415.0,77.0,94.0,409.0,200.0,83.0,195.0
CC(C)(C)OC(=O)N1CCn2cnc(C(=O)Nc3nc(N)ccc3I)c2C1,decoy,337.0,57.0,321.0,274.0,39.0,11.0,380.0,419.0,303.5,96.5,213.0,220.5
COCc1oncc1C(=O)N1CCC(OC2CCN(C(=O)c3ccc(O)c(OC)c3)CC2)CC1,decoy,241.0,254.0,475.0,481.0,451.0,453.0,105.0,16.0,370.5,102.5,462.5,447.0
CC(C)c1nc(CC(=O)N2CCC(OC3CCN(C(=O)[C@@H](CN)c4ccccc4)CC3)CC2)no1,decoy,241.0,155.0,382.5,463.0,445.0,421.0,197.0,231.0,494.0,466.5,496.0,476.5
O=C(c1cc(Br)cs1)N1CCO[C@]2(CCN(C(=O)c3c(O)cc(O)cc3O)C2)C1,decoy,241.0,194.0,459.5,371.5,485.0,484.0,25.0,123.0,76.5,51.5,337.5,428.5
Cc1ccc(S(C)(=O)=O)cc1NC(=O)c1cccc(S(=O)(=O)N2C[C@@H](C)O[C@H](C)C2)c1,decoy,239.0,479.0,211.0,133.5,478.0,475.0,377.0,493.0,225.0,349.5,155.5,52.0
CC(C)(C)OC(=O)N1CCC[C@@H]1Cn1c(Cc2cccnc2)nnc1N1CC[C@@](C)(C(N)=O)C1,decoy,235.5,402.5,321.0,367.0,214.0,280.0,355.5,402.5,329.0,488.0,473.5,438.5
O=C(c1cc(O)ccc1F)N1CCOC[C@@]2(C1)CN(C(=O)c1ccc3occc3c1O)CCO2,decoy,235.5,176.5,475.0,425.5,463.0,485.0,451.0,393.5,76.5,47.5,210.0,284.0
CC(=O)Oc1ccc(CN2C[C@@H]3CCCO[C@@H]3[C@H](NC(=O)c3cccnc3)C2)cc1OC(C)=O,decoy,235.5,228.0,468.5,499.0,31.0,86.0,314.0,365.0,196.5,354.0,468.0,408.0
CC(=O)Nc1cccc(Cn2c(-c3cnccn3)nnc2N2CCN(CC(C)C)C(=O)[C@@H]2C)c1,decoy,235.5,343.0,331.5,469.5,343.0,295.0,425.0,353.0,296.5,326.5,408.5,328.0
CC(C)[C@H](O)C(=O)N1CCO[C@@]2(CCN(C(=O)c3ccc4c(-c5nccs5)noc4c3)C2)C1,decoy,235.5,75.5,407.5,420.0,437.0,101.0,264.5,434.0,168.5,179.5,254.0,398.0
CS(=O)(=O)c1cc(Br)ccc1-c1noc([C@H]2CNC[C@]23C(=O)Nc2ccccc23)n1,decoy,457.0,55.5,240.0,31.5,239.0,66.0,317.5,185.5,296.5,365.0,64.0,235.5
COC(=O)c1cc(N2CCOCC2)ccc1NC(=O)[C@@H]1CCCN(S(=O)(=O)c2ccccc2)C1,decoy,229.5,495.0,96.5,202.5,147.0,344.0,100.0,212.0,108.5,238.0,396.5,60.0
NS(=O)(=O)c1cc(C(=O)N2CCC3(CC2)C[C@@H](Oc2ncccc2F)CO3)ccc1Cl,decoy,229.5,237.5,143.0,61.0,252.0,321.0,390.0,352.0,139.5,87.0,95.5,173.0
CC(C)(O)Cn1c([C@@H]2CCO[C@H]2C(C)(C)C)nnc1N1CCN(c2ccc(C(N)=O)cc2)CC1,decoy,229.5,422.5,298.0,305.5,226.0,348.0,15.0,390.0,244.0,16.0,242.0,219.0
C[C@@H](c1ccc([S@+](C)[O-])cc1)N(C)c1nnc(C(=O)N2CCCC2)n1CCC1(O)CCOCC1,decoy,229.5,363.0,271.0,263.5,251.0,128.0,430.5,212.0,438.5,257.0,432.0,401.0
Nc1ccc(S(=O)(=O)N=c2cncc(Cl)n2-c2ccc(OC3CCOCC3)nc2)cc1,decoy,229.5,181.0,54.0,23.5,85.0,31.0,132.5,253.0,74.0,253.0,17.0,36.0
Cc1cc(NS(=O)(=O)c2cccc(C(=O)N3CCC(CCN4CCOCC4)CC3)c2)no1,decoy,229.5,295.0,70.0,98.0,438.0,336.0,244.5,326.5,118.5,309.0,425.0,271.5
CCOc1ccc(NS(=O)(=O)c2ccccc2C(=O)OC)cc1S(=O)(=O)N1CCCC1,decoy,225.0,491.0,218.0,179.5,488.0,479.0,299.0,276.0,496.0,466.5,386.0,157.0
O=C(Nc1n[nH]c(C(F)(F)F)n1)c1cc(S(=O)(=O)N2CCOCC2)c(Cl)cc1Cl,decoy,225.0,310.0,38.0,25.0,421.0,327.0,116.0,98.0,66.0,157.0,53.5,138.5
COc1cc(OC)c(NC(=O)c2cccc(S(=O)(=O)N3CCN(C(C)=O)CC3)c2)cc1Cl,decoy,225.0,381.0,126.5,150.5,475.0,461.0,347.0,444.0,323.0,296.5,287.0,226.0
CNC(=O)[C@@]1(C)CCN(c2nnc(COc3ccccc3F)n2Cc2ccc(NC(C)=O)nc2)C1,decoy,223.0,215.5,282.0,290.5,219.0,274.0,177.0,178.0,272.5,492.0,417.0,428.5
COc1ccc(S(=O)(=O)N2CCC(C(=O)Nc3cc(S(C)(=O)=O)ccc3C)CC2)cc1,decoy,221.5,478.0,195.5,232.0,482.0,497.0,111.0,264.5,71.0,229.0,212.0,10.0
CCN(CC)S(=O)(=O)c1cc(NC(=O)c2ccc(S(=O)(=O)N(C)OC)cc2)ccc1C,decoy,221.5,448.0,343.5,282.0,498.0,489.0,315.5,470.0,103.5,238.0,80.0,154.0
Cc1ccc(NC(=O)C2CCN(c3nnc(-c4ccc(C#N)cc4)n3CC(=O)N(C)C)CC2)nc1,decoy,218.0,336.5,343.5,450.5,113.0,136.0,274.0,305.5,353.0,194.5,444.0,262.5
NC(=O)C[C@@H]1CCCN(c2nnc(CN3CCCC3=O)n2Cc2ccc(OC(F)(F)F)cc2)C1,decoy,218.0,439.0,264.5,299.0,293.0,251.0,124.5,126.5,450.5,484.0,200.0,146.0
COc1cc(C(=O)N2C[C@@H]3COC[C@H](C2)[C@@H]3NC(=O)c2ccnc(OCC(C)C)c2)ccc1O,decoy,218.0,221.5,497.0,483.0,295.0,378.0,86.0,246.0,461.5,409.0,460.0,482.5
CCOc1ccc(NC(=S)N2CCN(S(=O)(=O)c3ccc4nc(O)[nH]c4c3)CC2)cc1,decoy,218.0,398.5,155.0,163.5,20.0,34.0,278.0,443.0,214.0,45.5,142.0,61.0
COc1ccccc1N1C[C@H](C(=O)Nc2ccc(S(=O)(=O)N3C[C@H](C)O[C@H](C)C3)cc2)CC1=O,decoy,211.5,454.0,174.5,150.5,459.0,475.0,301.0,303.5,337.5,326.5,353.0,59.0
Cn1cc([C@H]2CC(=O)NC23CCN(S(=O)(=O)c2ccc(Oc4ccncc4)cc2)CC3)cn1,decoy,211.5,454.0,191.0,176.0,339.0,374.0,270.0,206.0,6.0,70.0,106.0,21.0
COc1cccc(C(=O)N[C@@H]2C[C@@H]3CC[C@H](C2)N3C(=O)c2cccnc2CS(C)(=O)=O)c1F,decoy,211.5,139.5,275.0,137.5,407.0,430.0,342.5,393.5,225.0,102.5,410.0,337.5
CC[C@H](C)c1ccc(S(=O)(=O)N2CCN(C(=O)c3cnn(-c4ccc(O)nn4)c3C)CC2)cc1,decoy,211.5,231.5,94.0,109.5,370.0,137.0,190.0,414.0,312.5,137.5,101.5,29.0
COC(=O)c1cc(I)c(OC)cc1NS(=O)(=O)c1c(C)noc1C,decoy,482.0,53.5,317.5,16.5,441.0,438.0,404.5,142.5,393.5,478.0,165.0,467.0
C[C@H](c1cccc(NC(=O)N2CCN(S(=O)(=O)c3ccc(C#N)cc3)CC2)c1)N1CCOCC1,decoy,211.5,454.0,91.0,274.0,248.0,219.0,474.0,428.0,386.0,120.0,268.0,31.0
Cc1ccc(OC2CCN(c3nnc([C@H](C)NS(C)(=O)=O)n3CCC(C)(C)O)CC2)cc1,decoy,211.5,357.0,135.5,157.5,190.0,380.0,331.0,41.0,303.5,217.0,187.0,258.0
C[C@@H](C#N)c1cccc(C(=O)N2CCOC[C@@]3(C2)CN(C(=O)c2cc(Cl)cnc2O)CCO3)c1,decoy,301.5,53.5,468.5,435.5,177.0,314.0,74.5,250.0,333.5,113.5,266.0,309.5
NC(=O)c1ncccc1C(=O)N1CCC2(CCCN(C(=O)c3ccc(OC(F)F)cn3)C2)CC1,decoy,211.5,231.5,329.0,407.0,231.0,299.0,150.5,262.0,64.5,22.0,230.0,203.0
CCOc1cnc(C(=O)N2CCC(OC3CCN(C(=O)Cc4ccccc4O)CC3)CC2)cn1,decoy,211.5,231.5,465.5,496.0,185.0,192.0,186.5,77.0,461.5,303.0,371.0,396.5
C[C@@H](C(=O)N1CC[C@@]2(CN(C(=O)c3ccc(NC(=O)c4ccco4)cc3)CCO2)C1)n1cccn1,decoy,207.0,264.5,354.0,440.0,394.0,373.0,246.0,383.0,269.5,322.0,477.5,330.0
CC(C)(C)c1nnc(N2CCC([C@](C)(O)C(F)(F)F)CC2)n1CC1(C(N)=O)CCOCC1,decoy,206.0,376.0,267.0,269.5,366.0,442.0,349.0,251.5,46.0,282.0,79.0,249.0
COc1c(C(=O)N2CCC(OC3CCN(C(=O)c4cc(CO)on4)CC3)CC2)ccc(F)c1F,decoy,301.5,50.5,429.0,428.0,415.0,421.0,17.0,11.0,438.5,282.0,435.0,435.5
CC(C)(O)c1ccc(Cn2c(-c3ccccn3)nnc2N2CCC[C@H](CNS(C)(=O)=O)C2)cc1,decoy,202.5,127.0,99.0,89.0,228.0,225.0,376.0,137.0,151.5,303.0,109.5,197.0
CN(C)S(=O)(=O)c1cccc(-c2nnc(N3CCC[C@H](CC(N)=O)C3)n2Cc2ccsc2)c1,decoy,202.5,392.0,42.0,89.0,406.0,224.0,308.5,188.5,37.5,200.0,196.5,180.0
NC(=O)c1cc(OC2CCN(c3nnc(Cc4ccncc4)n3CC(F)(F)F)CC2)ccn1,decoy,202.5,332.5,271.0,315.0,204.0,239.0,188.0,36.0,58.5,3.5,111.0,143.0
CCOc1ccc(S(=O)(=O)N2CCC3(CCCN3Cc3ccn(C)n3)CC2)cc1C(=O)O,decoy,202.5,392.0,207.5,223.0,450.0,436.0,401.5,196.5,179.0,94.0,194.0,108.0
COc1ccc(Br)c(-c2nnc(N3CC[C@@H](C(N)=O)C3)n2Cc2cccnc2OC)c1,decoy,202.5,332.5,288.0,333.5,266.0,172.0,179.0,245.0,244.0,406.0,374.0,386.0
CS(=O)(=O)c1ccc(C(=O)N2C[C@@H]3COC[C@H](C2)[C@@H]3NC(=O)c2ccc3ccoc3c2)cc1F,decoy,202.5,127.0,226.0,16.5,474.0,488.0,241.5,346.5,349.0,226.5,247.5,228.0
C[C@@H]1CN(C(=O)c2ccc(CNc3ccc(S(C)(=O)=O)cc3S(C)(=O)=O)cc2)C[C@@H](C)O1,decoy,199.0,397.0,245.0,133.5,132.0,126.0,124.5,118.0,470.5,244.5,158.0,89.0
O=C(c1cc(O)nc(O)c1)N1CCC2(CCCN(C(=O)c3cnc(C(F)(F)F)cn3)C2)CC1,decoy,301.5,47.5,374.5,466.5,289.0,188.0,10.0,88.0,235.5,51.5,52.0,183.0
CN1CCN(c2cc(S(C)(=O)=O)ccc2C(=O)Nc2cnc(C#N)c(C(F)(F)F)c2)CC1,decoy,196.5,174.0,17.5,53.0,26.0,65.0,67.0,318.5,244.0,452.5,27.0,23.0
COC(=O)c1ccc(Cl)cc1S(=O)(=O)N1CCC2(CC1)C[C@H](c1cccnc1)C(=O)N2,decoy,196.5,174.0,144.5,67.0,449.0,441.0,381.0,412.0,54.0,194.5,89.0,94.0
CC(C)NC(=O)c1nnc(N2CCS(=O)(=O)C3(CCCCC3)C2)n1Cc1ccc([C@H](C)O)cc1,decoy,196.5,350.0,172.5,54.5,350.0,257.0,31.5,59.0,118.5,168.0,452.5,411.5
COCCN1C(=O)[C@@H](c2ccccc2)CC12CCN(c1ncc(S(N)(=O)=O)cc1Cl)CC2,decoy,196.5,130.5,63.0,22.0,11.0,118.0,27.0,27.0,76.5,149.5,37.0,87.0
COc1cccc(Cl)c1C(=O)N1C[C@@H]2COC[C@H](C1)[C@@H]2NC(=O)c1cnc(O)c2ccn(C)c12,decoy,194.0,205.0,491.5,343.5,279.0,338.0,41.0,349.0,37.5,75.5,237.0,414.0
Cc1cnc(Cl)c(C(=O)N2CCC(OC3CCN(C(=O)c4cccnc4C(N)=O)CC3)CC2)c1,decoy,193.0,176.5,374.5,421.0,432.0,425.0,146.5,148.0,265.5,133.5,263.0,323.5
CCN(CC)C(=O)c1ccc(Cn2c(Cc3ccccn3)nnc2N2CCC(C(N)=O)CC2)cc1,decoy,191.0,212.0,292.0,423.5,168.0,182.0,223.5,95.0,244.0,474.5,459.0,358.0
Nc1ncc(C(=O)N[C@@H]2[C@H]3COC[C@@H]2CN(C(=O)c2c[nH]c4ccc(Br)cc24)C3)s1,decoy,191.0,55.5,386.0,260.0,93.0,200.0,40.0,99.5,95.0,55.0,272.0,390.5
COc1c(Cl)cccc1C(=O)N1C[C@@H]2COC[C@H](C1)[C@@H]2NC(=O)c1sc2nccnc2c1N,decoy,191.0,169.0,429.0,276.5,59.0,165.0,483.0,389.0,29.0,244.5,138.0,458.5
COCc1oncc1C(=O)NC1CCN(C2CCN(C(=O)[C@H](N)c3cccc(Cl)c3)CC2)CC1,decoy,467.0,46.0,356.5,354.5,240.0,300.0,55.0,115.5,206.0,238.0,442.0,409.0
O=C(Nc1ccc(N2CCN(S(=O)(=O)C(F)F)CC2)cc1)c1coc(C2CCOCC2)n1,decoy,188.5,407.5,44.0,104.5,82.0,25.0,180.0,282.0,464.5,385.5,358.0,65.0
Cc1cnc2c(S(=O)(=O)N3CCN(C(=O)Nc4nnc(C(F)F)s4)CC3)cccc2c1,decoy,188.5,123.0,21.0,75.0,261.0,416.0,495.0,473.0,415.0,157.0,112.0,111.0
O=C(c1cnc(O)nc1O)N1CC2(CCCN2C(=O)c2cccnc2-c2cc(F)cc(F)c2)C1,decoy,449.5,45.0,369.5,340.5,72.0,27.0,13.0,60.0,184.5,333.0,117.0,371.0
Cc1noc(C)c1CN1CCOC[C@]2(CCCN(S(=O)(=O)c3ccc(F)c(C(=O)O)c3)C2)C1,decoy,186.5,254.0,155.0,70.5,427.0,391.0,261.0,366.0,27.0,17.5,172.5,132.0
CCNS(=O)(=O)[C@@H]1CCN(c2nnc(COc3ccc(C#N)cc3)n2C[C@H]2CC[C@@H](F)C2)C1,decoy,186.5,308.0,76.0,81.5,267.0,252.0,247.0,156.0,21.0,354.0,351.0,214.0
CCN(CC)S(=O)(=O)c1cc(C(=O)N2CCC(C(=O)Nc3nncs3)CC2)ccc1C,decoy,184.5,292.5,87.0,141.0,423.0,445.0,475.0,481.5,287.0,396.5,430.5,382.0
O=S(=O)(Nc1ccc(F)c(S(=O)(=O)N2CCOCC2)c1)c1ccc(Cl)nc1Cl,decoy,184.5,292.5,17.5,27.0,328.0,325.0,160.0,45.0,244.0,120.0,86.0,83.0
Cc1nc(C(=O)N2CCN(c3cccc4cc(S(=O)(=O)c5ccccc5)cnc34)CC2)n[nH]1,decoy,180.5,322.5,22.0,103.0,66.0,36.0,219.0,101.5,55.5,64.0,62.0,131.0
CC(=O)Nc1ccc(C(=O)N2CC[C@]3(C2)CN(C(=O)c2ccncc2C(F)(F)F)CCO3)o1,decoy,180.5,167.0,343.5,305.5,303.0,332.0,79.0,81.0,146.0,13.0,154.0,100.0
CNC(=O)CC1CCN(c2nnc([C@H]3CCS(=O)(=O)C3)n2C[C@H](c2cccnc2)C(C)C)CC1,decoy,180.5,322.5,181.5,201.0,350.0,439.0,273.0,256.0,423.0,474.5,494.0,441.0
CCSc1cccnc1C(=O)N[C@@H]1[C@H]2COC[C@@H]1CN(C(=O)c1ccc(OC)c(OC)c1O)C2,decoy,180.5,266.0,464.0,433.0,223.0,366.0,463.0,424.0,24.0,282.0,481.5,489.0
COc1cc(S(=O)(=O)N2CCOCC2)cc(C(=O)Nc2cccc(C(F)(F)F)n2)c1OC,decoy,176.0,338.5,94.0,80.0,217.0,91.0,487.0,478.0,249.5,204.0,119.0,84.0
Cc1cc(C(=O)NC2CCN(S(=O)(=O)c3cc(Br)cnc3Cl)CC2)no1,decoy,266.5,42.0,102.5,67.0,448.0,444.0,94.0,376.5,235.5,57.5,207.5,181.0
CCOc1ccccc1NC(=O)N1CCN(S(=O)(=O)c2ccc3c(c2)NC(=O)[C@@H](C)O3)CC1,decoy,176.0,475.0,178.0,256.5,468.0,482.0,436.0,450.5,377.5,226.5,303.5,98.0
Cc1occc1CN(C)c1nnc([C@H](C)NS(C)(=O)=O)n1C[C@](C)(O)c1ccc(F)cc1,decoy,483.0,42.0,166.0,51.0,262.0,107.0,236.5,236.0,99.5,179.5,23.0,266.0
COc1ccc([C@@H](O)C(=O)N2CCC([C@@H]3CCCCN3C(=O)c3cnc(OC)cn3)CC2)cc1,decoy,176.0,215.5,432.0,495.0,303.0,396.0,134.0,190.0,249.5,129.5,256.0,288.0
Cc1cnc(C(=O)N[C@@H]2[C@H]3COC[C@@H]2CN(C(=O)Cc2ccc(Cl)cc2[N+](=O)[O-])C3)s1,decoy,444.5,42.0,366.5,326.0,361.0,359.0,499.0,487.0,218.0,333.0,264.0,348.5
CC(C)(C)c1nnc(N2CCN(c3ccc(C(N)=O)cn3)CC2)n1C[C@](C)(O)c1ccc(F)cc1,decoy,444.5,42.0,256.5,229.0,153.0,187.0,114.0,215.5,27.0,211.5,48.0,176.0
CC(C)NC(=O)c1ccc2c(c1)C1(CCN(S(=O)(=O)c3ccc4nccnc4c3)CC1)C(=O)N2,decoy,170.5,431.5,147.5,179.5,76.0,143.0,212.5,92.0,200.0,179.5,75.0,136.0
CN1C(=O)C[C@@H](c2cnn(C)c2)C12CCN(S(=O)(=O)c1ccc3c(Cl)cnc(O)c3c1)CC2,decoy,170.5,199.5,155.0,128.0,264.0,170.0,223.5,107.0,48.5,19.0,15.0,58.0
N#Cc1cc(C(=O)N2CC[C@]3(C2)CN(C(=O)[C@H](O)c2ccco2)CCO3)cc(C(F)(F)F)c1,decoy,170.5,104.0,456.5,454.5,496.0,490.0,136.0,51.0,296.5,57.5,103.0,148.0
CCS(=O)(=O)C1CCN(c2nnc(C(=O)NC(C)C)n2CCc2cc(C)ccc2OC)CC1,decoy,170.5,466.5,150.0,155.5,278.0,377.0,31.5,182.5,37.5,363.0,485.0,457.0
NC(=O)CSc1ccccc1C(=O)N1CCCN(S(=O)(=O)c2cccc3cnccc23)CC1,decoy,170.5,431.5,85.0,276.5,333.0,330.0,53.0,315.0,277.0,184.5,367.0,105.0
CN(C)S(=O)(=O)c1ccc(N2CCOCC2)c(C(=O)Nc2nc(-c3ccc[nH]3)cs2)c1,decoy,170.5,316.0,54.0,70.5,34.0,33.0,390.0,413.0,179.0,303.0,155.5,212.5
C[C@H](Nc1ccc(C(=O)N2CCN(C(=O)N3CCOCC3)CC2)cc1[N+](=O)[O-])c1ccccn1,decoy,170.5,162.5,304.5,444.5,91.0,56.0,434.0,312.5,358.0,244.5,438.0,289.0
N[C@H]1CN(c2nc3ccccc3nc2NS(=O)(=O)c2ccc3c(c2)OCCO3)CCC1(F)F,decoy,170.5,260.0,11.0,20.0,18.0,43.0,234.0,324.5,329.0,452.5,44.0,123.0
Cc1nc(N)sc1C(=O)N1CCC(OC2CCN(C(=O)c3ccc(Cl)nn3)CC2)CC1,decoy,165.5,47.5,264.5,205.5,386.0,331.0,150.5,55.5,287.0,57.5,301.0,399.0
O=C(c1csc(-c2nc[nH]n2)n1)N1CCN(S(=O)(=O)c2c(Cl)cccc2Cl)CC1,decoy,470.0,38.0,23.5,38.5,374.0,63.0,49.0,104.0,206.0,17.5,128.0,158.0
CCN(CC)S(=O)(=O)N1CCN(C(=O)Nc2ccc(-c3noc(C(F)(F)F)n3)cc2)CC1,decoy,165.5,170.0,79.0,125.0,382.0,248.0,416.0,356.5,452.5,207.0,107.0,51.0
CCOc1cccc(C(=O)N2CCO[C@@]3(CCN(C(=O)c4cc5cccnc5nc4O)C3)C2)c1,decoy,162.5,359.5,475.0,444.5,29.0,144.0,385.0,363.0,91.0,124.5,404.0,469.5
CCOc1ccc(S(=O)(=O)N2CCOCC2)cc1NC(=O)c1nc(C)n(-c2ccc(F)cc2)n1,decoy,162.5,297.5,89.0,40.0,385.0,105.0,264.5,238.5,64.5,428.5,203.0,54.0
COc1ccc(Cn2cc(CC(=O)N3CC4(CCCN4C(=O)c4sc(N)nc4C)C3)cn2)cc1,decoy,162.5,192.0,359.0,360.0,236.0,61.0,140.5,79.0,191.5,270.0,205.0,341.0
COCC[C@H]1CCN(c2nnc(-c3cc(Br)c[nH]3)n2Cc2ccc(C(N)=O)nc2)C1,decoy,162.5,156.0,334.0,389.5,303.0,205.0,36.0,90.5,214.0,434.5,420.5,392.0
CCN(CC)S(=O)(=O)c1ccc(N2CCOCC2)c(NC(=O)c2ccc(CNC(C)=O)cc2)c1,decoy,158.0,400.0,122.0,225.5,130.0,162.0,115.0,397.0,386.0,491.0,293.0,218.0
CN(C(=O)c1cc(Br)c2c(c1)OCCO2)c1c(O)nc(=O)n(Cc2ccccc2)c1N,decoy,384.5,36.5,420.0,360.0,81.0,16.0,203.5,131.0,157.5,91.5,188.5,437.0
COc1ncc(C(=O)N[C@@H]2C[C@@H]3CC[C@H](C2)N3C(=O)c2ccc(S(C)(=O)=O)c(F)c2)cc1F,decoy,158.0,109.5,234.0,48.5,401.0,399.0,87.5,305.5,139.5,168.0,270.0,307.0
COc1ccc(C(=O)N2CCOCC2)cc1NC(=O)c1cccc(S(=O)(=O)N(C)C(C)C)c1,decoy,158.0,473.0,191.0,249.5,480.0,472.0,362.5,479.0,206.0,70.0,372.5,326.0
C[C@H]1CN(S(=O)(=O)c2ccc(NS(=O)(=O)c3ccc4c(c3)OCCCO4)cc2)C[C@H](C)O1,decoy,158.0,473.0,195.5,232.0,487.0,462.0,178.0,153.0,206.0,29.0,122.0,8.0
COc1ccc(CCc2nnc(N3CCC(CC(N)=O)CC3)n2CC2([S@+](C)[O-])CCC2)cc1,decoy,153.5,484.5,230.0,221.5,350.0,287.0,128.0,264.5,393.5,200.0,470.5,387.0
CC(C)CNc1ccc(S(=O)(=O)N2CCOCC2)cc1NC(=O)[C@@H]1Cc2ccccc2C(=O)O1,decoy,153.5,463.5,230.0,286.0,37.0,142.0,153.0,322.0,235.5,494.0,256.0,134.0
CC(C)(C)c1nnc(N2CCC(OCC(N)=O)CC2)n1Cc1cccnc1OCC(F)(F)F,decoy,153.5,254.0,280.0,311.5,234.0,375.0,257.0,180.0,363.5,445.0,190.5,223.0
COc1ccccc1Cc1nnc(N2CCC(C(=O)N3CCC(C(N)=O)CC3)CC2)n1CC(C)C,decoy,153.5,463.5,336.5,416.0,309.0,289.0,253.0,69.0,303.5,96.5,498.0,484.0
COc1ccc(C(=O)N[C@@H]2[C@H]3COC[C@@H]2CN(C(=O)/C=C/c2cnc(C)s2)C3)cc1NC(C)=O,decoy,151.0,240.5,487.5,393.5,300.0,381.0,493.0,495.0,468.0,488.0,418.5,442.5
C[C@@H](C(=O)N1CCCC[C@H]1c1cc(NC(=O)c2ccc(N3CCOCC3)cc2)n[nH]1)n1cncn1,decoy,150.0,329.0,241.5,402.5,136.0,45.0,158.0,218.5,329.0,447.0,470.5,274.0
O=C(c1cc(Cl)ccc1OC(F)(F)F)N1CC[C@@]2(C1)CN(C(=O)c1ccnnc1O)CCO2,decoy,147.5,248.0,422.0,362.5,404.0,434.0,183.0,228.5,225.0,129.5,45.0,166.0
O=C(N[C@@H]1[C@H]2COC[C@@H]1CN(C(=O)c1cc(CO)on1)C2)c1ccc(Cc2cccc(F)c2)cc1,decoy,438.0,34.5,441.5,385.5,428.0,349.0,57.0,105.5,329.0,253.0,425.0,402.0
Cc1ccc2oc(C(=O)N3CCOC[C@]4(CN(C(=O)c5ccc(O)c(F)c5)CCO4)C3)cc2n1,decoy,345.0,34.5,452.5,393.5,108.0,318.0,276.5,200.5,58.5,91.5,236.0,339.0
COCCn1cc(NC(=O)c2ccc(OC)c(S(=O)(=O)N3C[C@@H](C)C[C@@H](C)C3)c2)ccc1=O,decoy,147.5,427.0,166.0,246.0,483.0,456.0,410.5,491.0,139.5,317.5,413.0,234.0
C[C@H]1C(=O)N(C)CCN1c1nnc(-c2ccc(C(C)(C)C)cc2)n1Cc1ccc(C(N)=O)nc1,decoy,147.5,248.0,325.5,412.5,298.0,198.0,342.5,382.0,108.5,358.0,95.5,129.0
CCc1noc(C)c1C(=O)N[C@@H]1[C@H]2COC[C@@H]1CN(C(=O)c1ccc(C#N)nc1C(F)(F)F)C2,decoy,147.5,86.5,361.5,362.5,446.0,449.0,390.0,463.0,99.5,75.5,280.0,262.5
Nc1c(Cl)cc(S(=O)(=O)Nc2cccc(S(=O)(=O)N3CCOCC3)c2)cc1Cl,decoy,145.0,165.0,31.0,34.0,402.0,217.0,228.5,70.0,438.5,137.5,57.5,46.0
Cn1cc(Br)cc(C(=O)n2c(N)c(-c3cccc(Cl)c3Cl)nnc2=N)c1=O,decoy,468.5,33.0,393.0,272.0,342.0,87.0,72.0,49.0,235.5,222.0,34.0,377.5
O=C(c1ccc(O)nc1)N1CC[C@@]2(C1)CN(C(=O)c1cccc3nc(C(F)(F)F)[nH]c13)CCO2,decoy,142.5,285.0,364.0,365.0,88.0,221.0,11.0,19.0,108.5,25.5,63.0,142.0
Cc1ccc(-c2nnc(N3CCN(C(=O)C(C)(C)C)CC3)n2Cc2cccc(OCC(N)=O)c2)o1,decoy,142.5,234.0,339.5,374.5,396.0,282.0,372.0,281.0,139.5,322.0,333.5,413.0
Cc1cc(Cn2c([C@H](C)NS(C)(=O)=O)nnc2N2CC[C@@H](Cc3ccc(F)cc3)C2)on1,decoy,142.5,151.5,42.0,118.0,229.0,179.0,311.0,134.0,35.0,354.0,228.0,235.5
COc1ccc(S(=O)(=O)N2CCC3(CC2)C[C@@H](N(C)Cc2ccco2)CO3)cc1C(=O)O,decoy,142.5,347.0,246.0,197.5,455.0,447.0,276.5,124.0,115.0,120.0,196.5,104.0
CCc1cc(C(=O)N[C@@H]2[C@H]3COC[C@@H]2CN(C(=O)c2cc(Br)c(O)cc2F)C3)no1,decoy,350.0,32.0,438.5,346.0,390.0,426.0,123.0,207.0,206.0,129.5,451.0,480.5
COc1ccc(S(=O)(=O)N2CCOCC2)cc1C(=O)Nc1ccc(Br)cc1O,decoy,139.5,390.0,155.0,100.0,476.0,463.0,382.5,360.0,37.5,330.0,138.0,114.0
CC(=O)c1cccc(S(=O)(=O)Nc2ccc(C(=O)N3CCN(c4ncccn4)CC3)cc2)c1,decoy,139.5,322.5,6.0,147.0,15.0,18.0,110.0,142.5,296.5,174.5,180.0,160.5
CC(C)C(=O)N1CCN(S(=O)(=O)c2ccc(Oc3ccccn3)cc2)C[C@@]2(CCCC(=O)N2)C1,decoy,137.0,300.0,171.0,311.5,389.0,387.0,132.5,66.0,134.0,392.0,223.0,30.0
C[C@H](NS(C)(=O)=O)c1nnc(N2CCC[C@@H](C(F)(F)F)C2)n1Cc1nccc(C(F)F)n1,decoy,137.0,186.0,7.0,104.5,323.0,362.0,107.0,40.0,265.5,291.0,119.0,101.0
CC(C)COc1ccc(Cn2c([C@H](C)NS(C)(=O)=O)nnc2N2CC[C@@](F)(C#N)C2)cc1,decoy,137.0,426.0,124.5,145.5,319.0,245.0,399.0,273.5,340.5,432.0,292.0,226.0
CC(C)CNc1ccc(S(=O)(=O)N2CCOCC2)cc1NCc1cc(=O)n2ccccc2n1,decoy,134.0,343.0,110.0,220.0,23.0,48.0,184.0,155.0,269.5,482.5,244.5,137.0
CC(C)Cc1nnc(N2CCN(c3cccc(F)c3C#N)CC2)n1Cc1ccc(C(N)=O)nc1,decoy,134.0,75.5,284.5,379.5,260.0,266.0,182.0,209.0,235.5,264.5,315.5,269.0
COc1ccc(S(=O)(=O)N2CC[C@H]3OCC[C@@H](C(=O)Nc4cccnc4C)[C@H]3C2)c(OC)c1,decoy,134.0,402.5,186.5,237.0,300.0,423.0,307.0,364.0,258.5,250.0,398.0,193.0
CS(=O)(=O)c1cccc(C(=O)N2CCC([C@H]3CCCCN3C(=O)[C@H](N)c3ccccn3)CC2)c1,decoy,132.0,80.0,51.0,184.0,413.0,393.0,148.0,232.0,123.0,317.5,287.0,184.5
COc1ccc(C(=O)N2CC3(CCCN3C(=O)c3sc4nccnc4c3N)C2)cc1N(C)C,decoy,129.5,181.0,399.5,377.0,19.0,66.0,283.0,288.0,296.5,232.5,167.0,434.0
NS(=O)(=O)c1ccc(CCn2c(-c3cnccn3)nnc2N2CCC[C@H](C(F)(F)F)C2)cc1,decoy,129.5,181.0,1.0,18.0,294.0,292.0,2.0,139.5,108.5,188.5,12.0,11.0
CC[C@H](C)c1nnc(N2CCC([C@H](O)c3ccc(F)cc3)CC2)n1C[C@]1(O)CCS(=O)(=O)C1,decoy,129.5,237.5,172.5,30.0,122.0,319.0,293.5,42.0,296.5,141.5,328.0,282.5
COC(=O)c1ccc(S(=O)(=O)N2CC[C@]3(CC[C@H](C(=O)Nc4cccnc4)O3)[C@@H](C)C2)cc1,decoy,129.5,363.0,186.5,197.5,357.0,392.0,215.0,462.0,151.5,194.5,277.0,45.0
C[C@@](O)(Cn1c(COc2ccc(Br)cc2)nnc1N1CC[C@H](C(N)=O)C1)c1ccco1,decoy,126.5,135.5,377.0,338.0,256.0,149.0,194.0,53.0,48.5,168.0,175.0,208.0
CCCc1nn(C)c2c(=O)[nH]c(-c3cc(S(=O)(=O)N4C[C@@H](F)[C@H](F)C4)ccc3OCC)nc12,decoy,126.5,274.0,135.5,95.0,280.0,128.0,325.0,121.5,191.5,326.5,135.0,167.0
Cc1cc(F)cc(C(=O)N2C[C@@H]3COC[C@H](C2)[C@@H]3NC(=O)c2c(-c3ccncn3)noc2C)c1,decoy,455.0,29.5,372.0,282.0,277.0,235.0,305.0,359.0,308.0,168.0,339.5,469.5
CCOC(=O)c1ccncc1S(=O)(=O)N1CCC2(CC1)C[C@H](CC(=O)NC)c1ccccc1O2,decoy,122.5,269.5,227.0,258.0,165.0,296.0,197.0,62.5,472.5,313.5,406.0,179.0
O=C1CN(S(=O)(=O)c2cccc(C(=O)Nc3ccc(Oc4cccc(F)c4)nc3)c2)CCN1,decoy,122.5,332.5,110.0,137.5,189.0,50.0,459.0,430.0,383.0,70.0,179.0,120.5
CO[C@@](C)(C(=O)N1CC[C@@]2(CN(C(=O)c3cc(O)ncn3)CCO2)C1)c1cccc2ccccc12,decoy,122.5,332.5,468.5,488.0,135.0,94.0,232.0,311.0,312.5,129.5,195.0,359.5
N#Cc1ccc(C(=O)N2CCO[C@@]3(CCN(C(=O)Cc4ccccc4O)C3)C2)c(C(F)(F)F)n1,decoy,122.5,269.5,424.0,425.5,244.0,284.0,393.0,386.0,13.0,6.5,140.0,120.5
NC(=O)c1cc(F)c(Cl)nc1NC[C@H]1CN(c2ccc(N3CCOCC3)c(F)c2)C(=O)O1,decoy,122.5,61.0,343.5,274.0,9.0,75.0,69.0,108.0,108.5,296.5,354.0,261.0
Cc1c(-n2cnc(N)c(Cl)c2=NC[C@H]2CCN(C(=O)OC(C)(C)C)C[C@H]2O)ccnc1F,decoy,122.5,61.0,323.0,269.5,52.0,182.0,471.5,427.0,317.0,371.5,108.0,287.0
C[C@@H](C(=O)N1CCO[C@@]2(CCN(C(=O)c3ccc(-c4ccc(O)nn4)cc3)C2)C1)c1ccccn1,decoy,119.0,115.5,418.0,468.0,429.0,214.0,66.0,52.0,393.5,313.5,389.0,303.0
CCS(=O)(=O)c1ccc(N2CCC(NC(=O)c3ccc(F)c(NS(C)(=O)=O)c3)CC2)cc1,decoy,116.0,376.0,29.5,137.5,38.0,196.0,80.5,269.0,415.0,232.5,238.5,25.0
C[C@@H](NS(C)(=O)=O)c1nnc(N(C)Cc2cnccn2)n1Cc1ccccc1C(F)(F)F,decoy,431.0,28.0,49.0,114.0,222.0,256.0,208.0,146.0,398.0,473.0,24.0,128.0
COc1cc(C(=O)N[C@@H]2CCCN(S(=O)(=O)c3cccnc3Cl)C2)cc(OC)c1OC,decoy,116.0,243.0,138.5,143.5,192.0,240.0,50.0,147.0,370.5,194.5,377.5,267.0
COc1ccc(C(=O)N2CCC(OC3CCN(C(=O)c4cnc(C)nc4)CC3)CC2)c(O)c1OC,decoy,116.0,303.0,449.5,486.0,320.0,402.0,266.5,177.0,415.0,257.0,356.0,453.5
CC(C)(C)OC(=O)N1CC2(CC[C@H](C(=O)Nc3nc(N)ccc3I)O2)C1,decoy,116.0,66.5,418.0,354.5,105.0,175.0,460.0,480.0,168.5,179.5,320.0,320.0
CNS(=O)(=O)c1ccc(N2CCN(C(=O)c3ccc(C(F)(F)F)cc3)CC2)c([N+](=O)[O-])c1,decoy,116.0,376.0,13.5,148.0,6.0,91.0,7.0,222.0,139.5,15.0,13.0,9.0
COC(=O)c1ccccc1S(=O)(=O)N1CCC(C(=O)c2ccc3c(c2)NC(=O)[C@H](C)O3)CC1,decoy,111.5,477.0,224.5,261.0,468.0,467.0,406.0,198.0,157.5,161.5,312.0,198.5
C[C@H]1CN(c2ccc(NS(=O)(=O)c3ccc(NC(=O)N4CCOCC4)cc3)cn2)C[C@@H](C)O1,decoy,111.5,412.5,26.5,163.5,40.0,29.0,485.5,262.0,489.0,490.0,206.0,33.0
Cc1ccc(S(=O)(=O)N2CCC[C@@H](C(=O)NC3CCN(c4ccc(C#N)cn4)CC3)C2)cc1,decoy,111.5,412.5,8.0,122.0,56.0,200.0,275.0,115.5,218.0,296.5,183.0,7.0
Cc1nc(-c2ccccn2)sc1C(=O)N[C@@H]1[C@H]2COC[C@@H]1CN(C(=O)c1ncc(Cl)cn1)C2,decoy,471.5,26.5,385.0,218.5,199.0,41.0,320.0,294.0,409.0,354.0,170.5,449.0
C[C@H]1OCC[C@]1(O)Cn1c(COc2ccc(C(C)(C)C)cc2)nnc1N1CCC(C(N)=O)CC1,decoy,108.5,388.5,376.0,387.0,318.0,215.0,452.0,338.0,249.5,338.5,343.5,374.0
Cc1cc(C(=O)NC2CCN(c3nnc(C(=O)NC(C)C)n3CCc3cccc(F)c3)CC2)no1,decoy,446.5,25.0,244.0,269.5,92.0,347.0,85.0,151.5,179.0,379.5,497.0,498.0
Cn1cc(CC(=O)N2CCC(OC3CCN(C(=O)c4ccc5sc(N)nc5c4)CC3)CC2)cn1,decoy,108.5,212.0,314.5,371.5,238.0,169.0,284.0,221.0,403.0,367.0,339.5,389.0
CS(=O)(=O)c1cc(C(F)(F)F)ccc1C(=O)N1CC2(CCCN2C(=O)c2ccc(O)cn2)C1,decoy,158.0,24.0,211.0,64.5,230.0,166.0,206.0,273.5,168.5,78.5,10.0,28.0
CCOC(=O)c1sc(NC(=O)c2ccc(CC)c(S(=O)(=O)N3CCOCC3)c2)nc1C,decoy,106.5,276.5,160.5,108.0,356.0,168.0,481.0,435.5,206.0,257.0,420.5,403.5
Cc1ccc(-c2nnc(N3CCC(NC(=O)c4ccc(F)cc4)CC3)n2CCS(C)(=O)=O)o1,decoy,449.5,22.5,129.0,92.5,140.0,118.0,366.5,169.5,174.5,194.5,388.0,194.0
CC(=O)Nc1ccc(C(=O)N2C[C@@H]3COC[C@H](C2)[C@@H]3NC(=O)c2cnc(Cl)c(Cl)c2)o1,decoy,449.5,22.5,456.5,298.0,381.0,424.0,33.5,29.0,95.0,238.0,306.5,367.5
Cc1cc(C(=O)N2CCN(c3ccc(O)cc3)CC2)c(C)n1Cc1ccc(S(N)(=O)=O)cc1,decoy,106.5,449.5,32.5,45.0,33.0,112.0,135.0,126.5,389.5,154.0,73.0,39.0
COc1ccc(-c2noc(CN3CCN(S(=O)(=O)c4ccc(NC(C)=O)cc4F)CC3)n2)cc1,decoy,105.0,195.0,50.0,33.0,149.0,30.0,24.0,12.0,363.5,232.5,251.0,127.0
COc1ccc2[nH]cc(/C=C/C(=O)N3CC[C@@]4(C3)CN(C(=O)c3cnc(N)s3)CCO4)c2c1,decoy,104.0,282.0,379.5,346.0,65.0,109.0,422.0,431.0,157.5,296.5,178.0,307.0
CCN(CC)S(=O)(=O)c1ccc(NC(=O)c2cc(S(=O)(=O)N(CC)CC)cn2C)cc1,decoy,103.0,312.0,211.0,182.5,473.0,469.0,478.5,432.5,151.5,35.5,105.0,150.5
O=C(c1nc(NCc2ccco2)ncc1Cl)N1CCN(S(=O)(=O)c2ccccc2)CC1,decoy,101.0,50.5,79.0,67.0,61.0,9.0,47.0,266.5,162.5,270.0,141.0,93.0
CS(=O)(=O)N1CCC[C@H](NC(=O)C2CCN(c3ccc(C(F)(F)F)cc3[N+](=O)[O-])CC2)C1,decoy,101.0,446.0,60.0,248.0,159.0,403.0,424.0,401.0,333.5,91.5,104.0,62.0
COc1ccc(C(=O)N2CC3(CCCN3C(=O)c3cnc(C(F)(F)F)cn3)C2)c(O)c1OC,decoy,101.0,113.0,415.5,412.5,88.0,118.0,171.5,75.0,323.0,168.0,43.0,190.0
CCOc1ccc(S(=O)(=O)N(CC)CC)cc1NC(=O)[C@@H]1CC(=O)N(Cc2ccccn2)C1,decoy,96.5,162.5,198.5,171.5,180.0,311.0,186.5,145.0,157.5,345.5,207.5,238.0
O=C(O)c1cc(S(=O)(=O)N2CCO[C@@]3(CCCN(C(=O)c4ccco4)C3)C2)c(Cl)cc1F,decoy,96.5,260.0,204.5,86.0,500.0,499.0,16.0,74.0,95.0,29.0,166.0,210.0
CCNS(=O)(=O)[C@@H]1CCN(c2nnc(-c3cnccn3)n2Cc2ccc(C(C)(F)F)cc2)C1,decoy,96.5,199.5,5.0,56.5,365.0,278.0,95.0,79.0,62.0,179.5,28.0,63.0
CC(C)(C)C(=O)Oc1ccc(S(=O)(=O)N2C[C@H](NC(=O)c3cccnc3)[C@@H]3OCCC[C@@H]32)cc1,decoy,96.5,316.0,237.0,246.0,131.0,302.0,56.0,89.0,235.5,309.0,184.5,107.0
COc1ccc(CNC(C)=O)cc1S(=O)(=O)N1CCC[C@H](C(=O)Nc2ccc(Cl)cn2)C1,decoy,96.5,199.5,101.0,54.5,137.0,253.0,251.0,362.0,358.0,420.5,232.0,153.0
O=C(c1ccc2nccnc2c1)N1CCO[C@@]2(CCN(C(=O)c3cc(Cl)c(O)cc3O)C2)C1,decoy,96.5,162.5,459.5,402.5,88.0,164.0,272.0,214.0,162.5,43.0,99.5,411.5
CC(=O)N1CCCN(c2nnc(CSc3ccc(C)cc3)n2Cc2ccc(C(N)=O)nc2)CC1,decoy,93.0,245.0,219.0,328.5,178.0,274.0,118.0,236.0,282.0,479.5,309.5,222.0
Nc1nc(C(=O)N2CCC(OC3CCN(C(=O)c4cn5cc(F)ccc5n4)CC3)CC2)cs1,decoy,253.0,19.5,286.0,279.0,64.0,145.0,21.0,64.0,398.0,375.5,369.0,326.0
O=S(=O)(Nc1cnc(Br)cn1)c1ccc(F)c(S(=O)(=O)C(F)(F)F)c1,decoy,432.0,19.5,90.0,1.0,74.0,7.0,126.5,117.0,464.5,358.0,3.0,16.0
CS(=O)(=O)[C@@H]1CCN(c2nnc(-c3ccc[nH]3)n2CCc2ccc(OCC(F)(F)F)nc2)C1,decoy,89.5,240.5,54.0,70.5,227.0,222.0,217.0,121.5,129.5,31.0,35.0,55.0
COc1ccc(C(=O)N2CC[C@]3(C2)CN(C(=O)c2sc4nccnc4c2N)CCO3)c(C)c1,decoy,89.5,254.0,399.5,377.0,36.0,100.0,453.0,450.5,112.0,141.5,169.0,393.0
CCNC(=O)N1CCN(c2nnc(C(=O)Nc3ccc(C)c(C)c3)n2Cc2cc(C)no2)CC1,decoy,89.5,183.5,274.0,369.5,197.0,244.0,450.0,486.0,62.0,66.0,489.0,500.0
COC(=O)c1nc(Br)c(N)nc1Nc1ccc(Cl)c(C(=O)N2CCOCC2)c1,decoy,89.5,109.5,304.5,365.0,75.0,54.0,48.0,15.0,363.5,40.0,247.5,486.0
COc1ccc(S(=O)(=O)N2CCC(CN3C(=O)c4ccccc4C3=O)CC2)cc1NC(C)=O,decoy,89.5,425.0,204.5,190.5,490.0,495.0,251.0,291.0,253.5,244.5,249.5,126.0
O=C(N[C@@H]1[C@H]2COC[C@@H]1CN(C(=O)c1ccc(-c3ccc(O)nn3)cc1)C2)c1cnccc1Cl,decoy,235.5,19.5,436.5,382.5,430.0,309.0,341.0,132.0,317.0,420.5,232.0,369.5
COC(=O)c1cc(Br)cc(-n2nc(O)c(CCN)c2C)c1NC(=O)C(F)(F)F,decoy,496.5,19.5,410.5,333.5,247.0,269.0,362.5,191.0,277.0,449.5,39.0,321.0
O=C(Nc1ccc(N2CCN(S(=O)(=O)C(F)F)CC2)cc1)c1c[nH]nc1-c1cccnc1,decoy,89.5,379.0,2.0,48.5,156.0,69.0,163.0,258.0,71.0,188.5,209.0,53.0
CC[C@H](C)c1nnc(N2CCCN(S(=O)(=O)c3ccccc3)CC2)n1CCc1n[nH]c(C)n1,decoy,85.5,443.0,39.5,202.5,73.0,263.0,185.0,342.0,129.5,157.0,411.5,217.0
COc1nc(C)ccc1C(=O)N1CC[C@]2(CN(C(=O)c3ccc4sc(N)nc4c3)CCO2)C1,decoy,85.5,178.5,395.5,333.5,57.0,79.0,468.0,483.0,244.0,129.5,215.0,403.5
CC(C)c1nc(CC(=O)N2C[C@@H]3COC[C@H](C2)[C@@H]3NC(=O)/C=C/c2ccc(O)cc2Cl)no1,decoy,218.0,17.0,406.0,319.0,431.0,433.0,457.0,439.0,487.0,392.0,284.0,466.0
Cn1c(=O)n(C)c2cc(C(=O)N3CCCC[C@@H]3C3CCN(C(=O)c4cnc(N)s4)CC3)ccc21,decoy,84.0,93.5,294.0,357.5,134.0,200.0,19.0,50.0,258.5,172.5,300.0,294.0
CNS(=O)(=O)c1ccc(-c2nc(-c3ccc(Br)cc3S(C)(=O)=O)no2)cc1,decoy,474.0,16.0,230.0,5.0,453.0,167.0,301.0,17.0,46.0,27.0,22.0,82.0
CC(=O)NC[C@H]1CN(c2nnc(Cc3ccc(Cl)cc3)n2C[C@@](C)(O)c2ccco2)CCO1,decoy,454.0,15.0,347.0,280.0,184.0,132.0,190.0,161.0,406.0,420.5,153.0,259.0
CC(=O)Nc1cc(C(=O)N2C[C@@H]3COC[C@H](C2)[C@@H]3NC(=O)c2ccc(OC(F)F)cn2)ccc1C,decoy,83.0,145.0,404.0,392.0,192.0,277.0,473.0,417.5,470.5,367.0,323.0,280.0
Cc1cc(O)c([N+](=O)[O-])cc1C(=O)N1CC[C@@]2(CN(C(=O)c3ccc(N(C)C)cc3)CCO2)C1,decoy,81.0,458.5,451.0,459.0,361.0,393.0,210.5,425.0,87.0,113.5,325.0,335.5
C[C@H]1CN(S(=O)(=O)c2cc(C(=O)Nc3ccc(-n4nccn4)nc3)ccc2Cl)C[C@@H](C)O1,decoy,81.0,186.0,115.5,8.5,215.0,24.0,364.5,489.5,308.0,363.0,60.0,124.5
CSc1cccc(C(=O)N2CCO[C@]3(COCCN(C(=O)c4cc(C(F)F)no4)C3)C2)c1O,decoy,81.0,186.0,348.5,305.5,367.0,429.0,374.5,238.5,91.0,10.0,343.5,304.0
CS(=O)(=O)c1ccc(C(=O)N[C@@H]2C[C@@H]3CC[C@H](C2)N3C(=O)c2cc(C(F)(F)F)ccn2)nc1,decoy,79.0,86.5,140.0,73.0,378.0,262.0,190.0,323.0,81.5,73.5,9.0,35.0
CS(=O)(=O)N(c1ccc(NC(=O)c2cccnc2Cl)cc1Br)S(C)(=O)=O,decoy,477.0,14.0,259.0,26.0,399.0,395.0,58.0,113.0,415.0,388.5,41.0,198.5
CC(C)NC(=O)c1nnc(N2CC(=O)N(C)C[C@H]2C)n1Cc1ccc(Oc2cccc(F)c2)nc1,decoy,78.0,264.5,356.5,319.0,210.0,312.0,122.0,22.0,370.5,479.5,243.0,311.5
COc1ccc(N2CCOC[C@@]3(CCCN(S(=O)(=O)c4ccc(O)c(C(=O)O)c4)C3)C2)cc1,decoy,77.0,499.0,155.0,163.5,190.0,405.0,18.0,6.0,282.0,91.5,93.5,17.0
CCc1oncc1C(=O)N1C[C@@H]2COC[C@H](C1)[C@@H]2NC(=O)c1cc(N)c(Br)cc1C,decoy,111.5,13.0,412.0,301.0,373.0,400.0,286.0,187.0,14.5,20.0,428.0,442.5
C[C@@H](N)c1cc(F)c(N(C(=O)c2cccc(=O)n2OCc2ccccc2)S(C)(=O)=O)c(F)c1,decoy,495.0,12.0,256.5,115.0,354.0,386.0,144.0,249.0,474.0,433.0,70.0,313.0
CCOc1cccc(C(=O)N2CC[C@@]3(CN(C(=O)c4cnc5ccccc5n4)CCO3)C2)c1O,decoy,74.5,217.5,489.0,485.0,87.0,281.0,279.0,293.0,103.5,38.0,355.0,388.0
O=C(c1cnc(O)[nH]1)N1CCO[C@@]2(CCN(C(=O)c3ccc(OCC(F)(F)F)cc3Cl)C2)C1,decoy,74.5,171.5,410.5,333.5,231.0,267.0,87.5,228.5,225.0,149.5,50.0,169.0
CC[C@](C)(O)Cn1c(-c2cccc(S(C)(=O)=O)c2)nnc1N1CCC(O)(C(F)(F)F)CC1,decoy,72.5,189.5,118.0,15.0,306.0,232.0,175.0,128.0,2.0,113.5,16.0,85.0
O=C(Nc1cc(Br)cnc1O)c1ccc(Cl)c(S(=O)(=O)N2CCOCC2)c1,decoy,72.5,189.5,131.0,99.0,150.0,127.0,315.5,368.0,125.0,174.5,91.5,188.0
Cn1cc(-c2nnc(N3CCC([C@@](C)(O)C(F)(F)F)CC3)n2Cc2cccc(C(N)=O)c2)cn1,decoy,70.5,212.0,236.0,232.0,380.0,323.0,215.0,333.5,58.5,211.5,30.0,172.0
C[C@@]1(c2ccc(F)cc2)NC(=O)N(CC(=O)N2CCC(c3nc(-c4ccccn4)no3)CC2)C1=O,decoy,278.0,11.0,273.0,346.0,374.0,113.0,355.5,46.0,308.0,413.5,363.0,254.0
COc1ccc(S(=O)(=O)N2CCO[C@]3(CCC[C@H]3COc3ccccn3)C2)cc1C(=O)O,decoy,70.5,468.0,260.5,225.5,442.0,455.0,96.0,159.0,358.0,226.5,177.0,99.0
COc1ccc(NC(=O)c2ccc(S(=O)(=O)N3CCN(C(C)=O)CC3)cc2)c2cccnc12,decoy,68.5,350.0,110.0,284.0,154.0,93.0,347.0,445.0,129.5,168.0,281.5,50.0
COC(=O)c1ccc(N2CCN(C(=O)c3cc(Cl)c(OCC(N)=O)c(OC)c3)[C@@H](C)C2)cc1,decoy,68.5,280.0,429.0,471.0,12.0,173.0,130.0,37.0,333.5,402.0,265.0,182.0
O=C(c1ccc2[nH]nc(C(F)(F)F)c2c1)N1CCO[C@@]2(CCN(C(=O)c3cncc(O)c3)C2)C1,decoy,67.0,98.5,369.5,402.5,265.0,231.0,329.5,298.0,16.5,12.0,61.0,204.5
CC(C)[C@@](C)(O)Cn1c(Cc2cccnc2)nnc1N1CCN(C(=O)c2ccc(O)cc2)CC1,decoy,65.5,167.0,391.0,384.0,97.0,150.0,51.0,172.0,87.0,217.0,224.5,293.0
Cc1nc(N)sc1C(=O)N1CC[C@H](CNC(=O)C#CC2(O)CCCCC2)[C@@H]1c1cccnc1,decoy,65.5,29.5,317.5,205.5,163.0,23.0,241.5,139.5,296.5,313.5,343.5,334.0
Cc1ccc(Cc2nnc(NC(=O)N3CCN(c4ccc(S(N)(=O)=O)cc4)CC3)s2)cc1,decoy,64.0,407.5,9.5,75.0,80.0,125.0,97.0,125.0,488.0,481.0,91.5,38.0
N[C@@H]1CCN(c2ccccc2NS(=O)(=O)c2ccc(F)c(S(=O)(=O)C(F)(F)F)c2)C1,decoy,63.0,235.5,12.0,46.5,62.0,76.0,106.0,111.0,370.5,264.5,11.0,4.0
COc1ccc(C(=O)N2CCO[C@]3(CCN(C(=O)c4cncc5cnccc45)C3)C2)cc1NC(C)=O,decoy,62.0,359.5,441.5,435.5,124.0,62.0,201.0,446.0,337.5,204.0,405.0,451.0
CSc1cc(C(=O)N2CCN(S(=O)(=O)c3c[nH]c4ncccc34)CC2)ccc1NC(C)=O,decoy,58.0,383.5,15.0,64.5,100.0,210.0,26.0,119.0,168.5,102.5,308.0,162.0
Nc1ncc(C(=O)N[C@@H]2C[C@@H]3CC[C@H](C2)N3C(=O)c2nc3ccc(C(F)(F)F)cn3n2)s1,decoy,58.0,26.5,276.0,267.0,175.0,342.0,478.5,310.0,81.5,66.0,56.0,165.0
CC[C@H](c1ccccc1)c1nnc(N2CCN(C(C)=O)C[C@@H]2C)n1Cc1ccc(C(N)=O)nc1,decoy,58.0,260.0,284.5,432.0,155.0,182.0,215.0,228.5,282.0,476.5,387.0,192.0
O=C(Nc1cccnc1)c1noc2c1CN(c1ccc(S(=O)(=O)N3CCCCC3)cn1)CC2,decoy,58.0,383.5,79.0,125.0,55.0,80.0,420.0,343.5,287.0,188.5,115.0,68.0
CC(=O)Nc1ccc(Cn2c([C@H]3CCS(=O)(=O)C3)nnc2N2CCC(C(F)(F)F)CC2)cn1,decoy,58.0,104.0,39.5,38.5,234.0,360.0,226.0,61.0,191.5,345.5,235.0,150.5
Cc1nc(CO[C@@H]2COC3(CCN(S(=O)(=O)c4ccc(OCC(=O)O)cc4)CC3)C2)cs1,decoy,58.0,383.5,253.0,214.0,435.0,440.0,290.5,240.5,162.5,288.0,143.0,67.0
CC(=O)Nc1ccc(Cl)c(C(=O)N2CC[C@@]3(C2)CN(C(=O)c2sc(N)nc2C)CCO3)c1,decoy,52.5,90.5,296.5,135.0,77.0,90.0,89.0,109.0,121.0,21.0,246.0,420.0
CS(=O)(=O)[C@H]1CCN(c2nnc(C(=O)Nc3ccccn3)n2CC(F)(F)c2ccccc2)C1,decoy,52.5,254.0,17.5,42.5,208.0,259.0,222.0,257.0,71.0,217.0,123.0,95.0
COC(=O)c1cc(S(=O)(=O)N2CCC3(CCOC[C@@H]3COc3cccnc3)CC2)ccc1O,decoy,52.5,311.0,238.5,229.0,358.0,434.0,39.0,33.0,398.0,151.5,126.0,69.0
Cc1ccc(C(=O)N2CC[C@@]3(C2)CN(C(=O)c2cccnc2C(=O)OC(C)C)CCO3)cc1O,decoy,52.5,254.0,491.5,474.5,258.0,229.0,476.0,498.0,287.0,87.0,384.5,348.5
NS(=O)(=O)c1ccc(N2CCN(C(=O)[C@H]3CC(c4ccc(Cl)cc4Cl)=NO3)CC2)cc1,decoy,50.0,441.0,47.5,61.0,125.0,361.0,14.0,296.5,308.0,113.5,29.0,13.0
CC(C)Oc1ccc(C(=O)n2cnc(N)c(Cl)c2=NC[C@@H]2CCNC[C@H]2O)cc1C(F)(F)F,decoy,49.0,39.0,338.0,319.0,42.0,40.0,42.0,3.0,386.0,416.0,32.0,202.0
O=C(N[C@@H]1[C@H]2COC[C@@H]1CN(C(=O)c1cc(O)no1)C2)c1ccc(OCC(F)(F)F)cc1Cl,decoy,47.5,42.0,438.5,287.5,426.0,452.0,38.0,35.0,323.0,211.5,88.0,246.5
CCOc1ccc(NC(=O)c2ncccc2OCC(F)F)cc1S(=O)(=O)N1CCOCC1,decoy,47.5,305.0,99.0,118.0,287.0,88.0,289.0,367.0,344.0,222.0,313.0,201.0
Cc1cc2ncc(C(=O)Nc3cc(S(=O)(=O)N4CCOCC4)ccc3OC(C)C)c(C)n2n1,decoy,46.0,228.0,141.0,145.5,83.0,130.0,480.0,471.0,115.0,416.0,234.0,178.0
Cc1ccc(-c2nnc(N3CCN(CC(F)(F)F)[C@@H](C)C3)n2Cc2ccc(C(N)=O)nc2)o1,decoy,329.0,9.0,232.0,315.0,331.0,233.0,258.5,103.0,50.5,172.5,71.0,74.5
CCOc1ccc(S(=O)(=O)N2CCC3(CCN(C(=O)c4cccnc4)CC3)C2)cc1C(=O)O,decoy,45.0,367.5,214.0,163.5,467.0,469.0,303.0,354.5,349.0,291.0,136.0,86.0
O=S(=O)(c1ccc2c(Cl)cnc(O)c2c1)N1CCO[C@]2(CCCN(c3cnccn3)C2)C1,decoy,44.0,274.0,99.0,89.0,2.0,10.0,146.5,337.0,121.0,194.5,14.0,90.0
CC(C)NC(=O)c1nnc(N2CCC[C@H](S(C)(=O)=O)C2)n1Cc1ccccc1OC(F)(F)F,decoy,42.5,295.0,105.5,83.5,312.0,291.0,174.0,76.0,445.0,396.5,267.0,133.0
COc1ccc(CC(=O)N2CCC(OC3CCN(C(=O)c4cnc(N)s4)CC3)CC2)c(C#N)c1,decoy,42.5,148.0,364.0,328.5,179.0,159.0,28.0,7.0,409.0,349.5,335.5,291.0
Cc1ccc2c(n1)N(Cc1ccncc1)CCN(S(=O)(=O)c1ccc(OCC(=O)O)cc1)C2,decoy,41.0,332.5,144.5,240.0,103.0,124.0,181.0,409.0,290.5,385.5,114.0,34.0
Cc1cc(C(=O)N2CCC([C@@H]3CCCCN3C(=O)c3ccc(S(C)(=O)=O)cn3)CC2)cc(O)n1,decoy,40.0,80.0,159.0,207.5,329.0,328.0,54.0,112.0,225.0,250.0,157.0,177.0
Cc1nc(N)sc1C(=O)NC1CCN(C2CCN(C(=O)c3ccc(O)c(F)c3)CC2)CC1,decoy,180.5,8.0,254.0,112.5,125.0,64.0,99.0,57.0,323.0,338.5,305.0,394.5
N[C@H](C(=O)N1CCC(OC2CCN(C(=O)[C@H](N)c3cccc(Cl)c3)CC2)CC1)c1ccccn1,decoy,352.5,7.0,387.0,453.0,335.0,199.0,74.5,4.0,377.5,296.5,309.5,311.5
CC(=O)Nc1ncc(S(=O)(=O)N2CCC(NC(=O)c3ccc(Br)cc3)CC2)s1,decoy,38.5,71.5,34.5,28.5,418.0,406.0,6.0,20.0,296.5,135.0,163.5,109.0
CCOc1cccc(Cn2c(C(=O)Nc3ccccn3)nnc2N2CCN(C(C)=O)C[C@H]2C)c1,decoy,37.0,419.0,343.5,422.0,172.0,233.0,239.0,162.5,370.5,424.0,488.0,356.5
CCOC(=O)C1CCN(S(=O)(=O)c2cccnc2NCc2ccc(CC(=O)OC)cc2)CC1,decoy,35.5,225.5,70.0,123.0,187.0,216.0,203.5,47.0,423.0,388.5,414.5,168.0
C[C@@]1(C(N)=O)CCN(c2nnc(Cc3ccccn3)n2C[C@@](O)(c2ccccc2)C(F)(F)F)C1,decoy,58.0,6.0,251.0,251.5,316.0,265.0,22.0,87.0,344.0,445.0,25.0,138.5
Cc1nc(S(=O)(=O)Nc2ccc(C(=O)N3CCN(c4ccc(C#N)cc4)CC3)cc2)cn1C,decoy,35.5,280.0,9.5,75.0,21.0,38.0,90.0,381.0,262.0,168.0,302.0,76.0
CC(C)(C)OC(=O)N1CC[C@H](Oc2ncccc2C(=O)N2CCN(c3ncccc3N)CC2)C1,decoy,34.0,322.5,359.0,360.0,1.0,96.0,374.5,336.0,225.0,482.5,285.0,237.0
COc1ccccc1-c1nnc(N2CCN(C(C)=O)C[C@H]2C)n1Cc1ccc(NC(C)=O)nc1,decoy,33.0,359.5,317.5,395.5,310.0,286.0,322.0,32.0,448.0,455.0,452.5,248.0
CCOc1ccc(S(=O)(=O)N2CCN(C(=O)Nc3ccc(OC)nc3)CC2)cc1OCC,decoy,31.5,405.0,155.0,237.0,173.0,309.0,432.0,472.0,480.0,463.0,218.5,80.0
Cc1noc(C)c1S(=O)(=O)N1CCN(C(=O)Nc2ccccc2N2C[C@H](C)O[C@@H](C)C2)CC1,decoy,31.5,271.0,81.0,120.0,200.0,407.0,152.0,408.0,377.5,96.5,476.0,155.0
CCN(CC)S(=O)(=O)c1ccc(N2CCOCC2)c(C(=O)Nc2ccc(-n3ccnn3)cc2)c1,decoy,29.5,379.0,84.0,128.0,285.0,238.0,427.0,469.0,323.0,442.0,252.0,91.0
COc1ncccc1Cn1c(C(=O)NC(C)C)nnc1N1CCC([C@@](C)(O)C(F)(F)F)CC1,decoy,29.5,158.0,290.0,296.0,233.0,372.0,59.0,8.0,87.0,226.5,130.0,264.0
C[C@@H](N)c1cc(F)c(N(C(=O)c2cnc3cnc(Br)cn23)S(C)(=O)=O)c(F)c1,decoy,458.0,5.0,170.0,4.0,50.0,46.0,142.0,129.5,196.5,161.5,20.0,233.0
CSc1n[nH]c(NC(=O)C2CCN(S(=O)(=O)c3cccc(OC(F)(F)F)c3)CC2)n1,decoy,28.0,395.0,62.0,101.0,324.0,363.0,338.5,299.0,265.5,60.0,121.0,48.0
CCOc1ccc(NC(=O)N2CCCCC2)cc1S(=O)(=O)N1CCN(c2cncnc2)CC1,decoy,27.0,458.5,73.5,150.5,5.0,59.0,84.0,233.5,363.5,485.0,348.5,175.0
Nc1nc(C(=O)N2CCO[C@@]3(CCN(C(=O)c4cncc(-c5ccccc5C=O)c4)C3)C2)cs1,decoy,25.5,69.0,304.5,265.0,174.0,17.0,120.0,240.5,389.5,204.0,226.5,309.5
Nc1ncc(C(=O)N2CCO[C@@]3(CCN(C(=O)c4c[nH]c5ncc(C(F)(F)F)cc45)C3)C2)s1,decoy,25.5,135.5,263.0,207.5,35.0,102.0,155.0,188.5,46.0,5.0,19.0,171.0
NC(=O)C1CCN(c2ccc(NC(=O)c3sccc3S(=O)(=O)N3CCCC3)cc2)CC1,decoy,24.0,438.0,57.0,61.0,218.0,194.0,417.5,321.0,81.5,113.5,391.0,74.5
COc1ccc(S(=O)(=O)N2CCCCCC2)cc1NC(=O)N1CCN(c2ncccn2)CC1,decoy,23.0,363.0,87.0,174.0,13.0,81.0,442.0,254.0,383.0,443.0,226.5,144.0
O=C(Nc1cnccn1)[C@@H]1CO[C@@H]2CCN(S(=O)(=O)c3cccc(OC(F)(F)F)c3)C[C@@H]2C1,decoy,21.5,392.0,87.0,141.0,125.0,118.0,447.0,476.0,235.5,184.5,55.0,20.0
C[C@]1(C(N)=O)CCN(c2nnc(-c3ccccn3)n2Cc2ccc(OCC(F)(F)F)nc2)C1,decoy,21.5,61.0,266.0,333.5,360.0,220.0,212.5,193.0,296.5,232.5,53.5,118.0
CCOc1ccc(NC(=O)c2ccc(N(C)C)cc2)cc1S(=O)(=O)N1C[C@H](N)C[C@@H](F)C1,decoy,20.0,417.0,166.0,109.5,139.0,77.0,410.5,179.0,191.5,449.5,269.0,119.0
Nc1nc(C(=O)N[C@@H]2[C@H]3COC[C@@H]2CN(C(=O)c2cccnc2-c2cccc(F)c2)C3)cs1,decoy,180.5,4.0,313.0,163.5,111.0,55.0,64.0,73.0,344.0,471.0,229.0,369.5
CCOc1ccc(NC(=O)NC)cc1S(=O)(=O)N1CCC[C@H](Oc2ccc(OC)cn2)C1,decoy,19.0,435.5,166.0,171.5,46.0,72.0,249.0,285.5,472.5,379.5,363.0,164.0
COC(=O)c1cncc(S(=O)(=O)N2CCC(NC(=O)c3ccccc3C(F)(F)F)CC2)c1,decoy,18.0,189.5,37.0,96.5,439.0,432.0,3.0,21.0,129.5,23.0,42.0,19.0
COc1ccnc(N2CCN(S(=O)(=O)c3ccc(NC(=O)N4CCCC[C@H]4C)cc3)CC2)n1,decoy,16.5,280.0,54.0,237.0,4.0,50.0,45.0,157.5,290.5,375.5,329.0,49.0
O=C(c1ccc(OC(F)F)c(OC(F)F)c1)N1CC[C@]2(C1)CN(C(=O)c1cc(O)no1)CCO2,decoy,16.5,174.0,407.5,389.5,394.0,409.0,83.0,67.0,258.5,288.0,314.0,326.0
O=S(=O)(c1ccc2nc(O)nc(O)c2c1)N1CCC(F)(F)[C@@]2(CCN(c3ccccn3)C2)C1,decoy,15.0,245.0,54.0,23.5,7.0,42.0,121.0,300.0,76.5,120.0,36.0,66.0
CC(C)Oc1ccc(C(=O)N2CCO[C@]3(CCN(C(=O)c4cc(CO)on4)C3)C2)cc1Cl,decoy,14.0,10.0,443.5,409.5,415.0,385.0,228.5,329.0,317.0,274.0,360.5,478.0
CCOc1ccc(NC(=O)c2cccnc2)cc1S(=O)(=O)N1CCCN(c2ncccn2)CC1,decoy,13.0,406.0,73.5,150.5,16.0,32.0,199.5,84.0,403.0,468.0,323.0,215.0
Cc1nc(N)sc1C(=O)N[C@@H]1[C@H]2COC[C@@H]1CN(C(=O)c1ccc(OC(F)(F)F)cc1)C2,decoy,12.0,50.5,351.5,182.5,108.0,191.0,219.0,289.0,196.5,211.5,68.0,141.0
C[C@@]1(c2ccc(OC(F)(F)F)cc2)NC(=O)N(C[C@@H](O)c2ccc(S(C)(=O)=O)cc2)C1=O,decoy,11.0,235.5,280.0,31.5,458.0,458.0,360.0,251.5,30.0,78.5,5.0,22.0
CC1(C)CN(S(=O)(=O)c2ccc(Oc3ccc(C(F)(F)F)cn3)cc2)CCN1CC(N)=O,decoy,10.0,208.5,120.5,211.5,99.0,50.0,313.0,135.0,174.5,154.0,6.0,1.0
CCCc1nc(C(=O)N2CCN(c3ccc(S(N)(=O)=O)cc3)CC2)nn1-c1ccccc1Cl,decoy,9.0,295.0,4.0,12.5,28.0,116.0,12.0,202.0,435.0,217.0,72.0,42.0
CCOc1ccc(S(=O)(=O)N2CC[C@@H](Oc3cc(C(F)(F)F)ncn3)C2)cc1C(=O)O,decoy,8.0,322.5,174.5,89.0,216.0,269.0,112.5,105.5,344.0,222.0,18.0,14.0
COC(=O)c1cnc(N[C@](C)(C#N)c2ccccc2Cl)c(S(=O)(=O)N2CCOCC2)c1,decoy,7.0,31.0,42.0,36.0,41.0,21.0,44.0,79.0,450.5,498.0,101.5,140.0
C[C@@H]1CN(S(=O)(=O)c2ccc(NC(=O)c3cncc(OCC(F)(F)F)n3)cc2)C[C@@H](C)O1,decoy,6.0,50.5,133.0,137.5,110.0,12.0,484.0,405.5,168.5,330.0,26.0,12.0
CSc1n[nH]c(NC(=O)c2cccc(S(=O)(=O)N3CCN(c4ccc(F)cc4)CC3)c2)n1,decoy,5.0,372.5,3.0,42.5,68.0,37.0,197.0,398.0,272.5,420.5,240.0,26.0
Nc1nc(C(=O)N[C@@H]2C[C@@H]3CC[C@H](C2)N3C(=O)[C@@H](O)c2cccc(Br)c2)cs1,decoy,76.0,3.0,404.0,259.0,213.0,118.0,43.0,296.5,81.5,14.0,369.0,431.0
CS(=O)(=O)c1ccc(C(=O)N2CCC3(CCCN(C(=O)c4csc(N)n4)C3)CC2)cc1F,decoy,38.5,2.0,70.0,6.0,204.0,140.0,91.0,204.5,151.5,9.0,198.0,196.0
CN(C)C(=O)c1nc(CNc2ccc(S(=O)(=O)N3CCC(Cc4ccccc4)CC3)cn2)no1,decoy,3.0,36.5,66.0,190.5,119.0,133.0,4.0,1.0,430.0,411.5,202.0,73.0
NC(=O)[C@@H]1CN(S(=O)(=O)c2ccc(Oc3ncc(C(F)(F)F)cc3Cl)cc2)CCO1,decoy,2.0,93.5,142.0,118.0,382.0,204.0,421.0,25.0,329.0,83.5,2.0,2.0
CCOC(=O)C1=C(Nc2ccc(S(=O)(=O)N(CC)CC)cn2)C(=O)N(Cc2ccccc2)C1,decoy,1.0,113.0,211.0,187.5,3.0,95.0,266.5,199.0,184.5,277.0,76.0,231.0
